trigger_team,2up_triggered,comeback_occurred
Burnley,False,False
Man City,True,False
Arsenal,False,False
Nott'm Forest,False,False
Bournemouth,False,False
West Ham,False,False
Brighton,True,False
Luton,False,False
Everton,False,False
Fulham,False,False
Sheffield United,False,False
Crystal Palace,False,False
Newcastle,True,False
Aston Villa,False,False
Brentford,False,False
Tottenham,False,False
Chelsea,False,False
Liverpool,False,False
Man United,False,False
Wolves,False,False
Nott'm Forest,False,False
Sheffield United,False,False
Fulham,False,False
Brentford,True,False
Liverpool,True,False
Bournemouth,False,False
Wolves,False,False
Brighton,True,False
Tottenham,True,False
Man United,False,False
Man City,False,False
Newcastle,False,False
Aston Villa,True,False
Everton,False,False
West Ham,True,False
Chelsea,False,False
Crystal Palace,False,False
Arsenal,False,False
Chelsea,True,False
Luton,False,False
Bournemouth,False,False
Tottenham,True,False
Arsenal,False,False
Fulham,False,False
Brentford,False,False
Crystal Palace,False,False
Everton,False,False
Wolves,False,False
Man United,False,False
Nott'm Forest,False,False
Brighton,False,False
West Ham,True,False
Burnley,False,False
Aston Villa,True,False
Sheffield United,False,False
Man City,False,False
Newcastle,False,False
Liverpool,False,False
Luton,False,False
West Ham,False,False
Sheffield United,False,False
Everton,False,False
Brentford,False,False
Bournemouth,False,False
Burnley,False,False
Tottenham,True,False
Chelsea,False,False
Nott'm Forest,False,False
Man City,True,False
Fulham,False,False
Brighton,True,False
Newcastle,False,False
Crystal Palace,False,False
Wolves,False,False
Liverpool,True,False
Aston Villa,False,False
Arsenal,True,False
Man United,False,False
Wolves,False,False
Liverpool,True,False
Aston Villa,True,False
Crystal Palace,False,False
Fulham,False,False
Luton,False,False
Man United,False,False
Brighton,True,False
Tottenham,False,False
Sheffield United,False,False
West Ham,False,False
Man City,True,False
Newcastle,False,False
Brentford,False,False
Bournemouth,False,False
Chelsea,False,False
Everton,False,False
Arsenal,False,False
Nott'm Forest,False,False
Burnley,False,False
Crystal Palace,False,False
Fulham,False,False
Luton,False,False
Wolves,False,False
Man City,True,False
Nott'm Forest,False,False
Brentford,False,False
Everton,True,False
Burnley,False,False
Man United,False,False
Arsenal,False,False
Tottenham,False,False
Brighton,True,False
Bournemouth,False,False
Chelsea,False,False
Aston Villa,False,False
Liverpool,True,False
West Ham,False,False
Sheffield United,False,False
Newcastle,True,False
Aston Villa,True,False
Brighton,False,False
Bournemouth,False,False
Arsenal,True,False
Everton,False,False
Luton,False,False
Man United,False,False
Crystal Palace,False,False
Newcastle,True,False
Burnley,False,False
West Ham,True,False
Sheffield United,False,False
Wolves,False,False
Man City,False,False
Tottenham,False,False
Liverpool,False,False
Nott'm Forest,False,False
Brentford,False,False
Fulham,False,False
Chelsea,True,False
Luton,False,False
Burnley,False,False
Luton,False,False
Tottenham,False,False
Burnley,False,False
Chelsea,True,False
Everton,True,False
Bournemouth,False,False
Fulham,True,False
Sheffield United,False,False
Man United,False,False
Brentford,False,False
Crystal Palace,False,False
Nott'm Forest,False,False
Brighton,False,False
Liverpool,False,False
West Ham,False,False
Newcastle,False,False
Wolves,False,False
Aston Villa,False,False
Arsenal,False,False
Man City,False,False
Liverpool,True,False
Everton,False,False
Bournemouth,False,False
Wolves,False,False
Brentford,True,False
Burnley,False,False
Man City,False,False
Brighton,False,False
Newcastle,True,False
Crystal Palace,False,False
Nott'm Forest,False,False
Luton,False,False
Chelsea,False,False
Arsenal,False,False
Sheffield United,False,False
Man United,False,False
Aston Villa,True,False
West Ham,False,False
Tottenham,True,False
Fulham,False,False
Crystal Palace,False,False
Tottenham,False,False
Chelsea,False,False
Brentford,True,False
Arsenal,True,False
Sheffield United,False,False
Bournemouth,False,False
Burnley,False,False
Wolves,False,False
Newcastle,False,False
West Ham,False,False
Everton,False,False
Aston Villa,True,False
Luton,False,False
Brighton,False,False
Fulham,False,False
Liverpool,True,False
Nott'm Forest,False,False
Man United,False,False
Man City,True,False
Fulham,False,False
Man United,False,False
Brentford,False,False
West Ham,False,False
Burnley,False,False
Crystal Palace,True,False
Everton,False,False
Brighton,False,False
Man City,True,False
Bournemouth,False,False
Sheffield United,False,False
Wolves,False,False
Newcastle,False,False
Arsenal,False,False
Nott'm Forest,True,False
Aston Villa,False,False
Luton,False,False
Liverpool,False,False
Tottenham,False,False
Chelsea,True,False
Wolves,False,False
Tottenham,False,False
Arsenal,True,False
Burnley,False,False
Crystal Palace,False,False
Everton,False,False
Man United,False,False
Luton,False,False
Bournemouth,True,False
Newcastle,False,False
Aston Villa,True,False
Fulham,False,False
Brighton,False,False
Sheffield United,False,False
Liverpool,True,False
Brentford,False,False
West Ham,False,False
Nott'm Forest,False,False
Chelsea,False,False
Man City,False,False
Man City,False,False
Liverpool,False,False
Burnley,False,False
West Ham,False,False
Luton,False,False
Crystal Palace,False,False
Newcastle,True,False
Chelsea,False,False
Nott'm Forest,False,False
Brighton,False,False
Sheffield United,False,False
Bournemouth,True,False
Brentford,False,False
Arsenal,False,False
Tottenham,False,False
Aston Villa,False,False
Everton,False,False
Man United,True,False
Fulham,False,False
Wolves,False,False
Arsenal,False,False
Wolves,False,False
Brentford,True,False
Luton,False,False
Burnley,True,False
Sheffield United,False,False
Nott'm Forest,False,False
Everton,False,False
Newcastle,False,False
Man United,False,False
Bournemouth,False,False
Aston Villa,False,False
Chelsea,False,False
Brighton,False,False
Liverpool,False,False
Fulham,False,False
West Ham,False,False
Crystal Palace,False,False
Man City,False,False
Tottenham,False,False
Wolves,False,False
Burnley,False,False
Luton,False,False
Arsenal,False,False
Brighton,False,False
Brentford,False,False
Crystal Palace,False,False
Bournemouth,True,False
Fulham,True,False
Nott'm Forest,False,False
Sheffield United,False,False
Liverpool,True,False
Aston Villa,False,False
Man City,False,False
Man United,False,False
Chelsea,False,False
Everton,True,False
Newcastle,False,False
Tottenham,False,False
West Ham,False,False
Crystal Palace,False,False
Liverpool,False,False
Brighton,False,False
Burnley,False,False
Man United,False,False
Bournemouth,True,False
Sheffield United,False,False
Brentford,False,False
Wolves,False,False
Nott'm Forest,False,False
Aston Villa,False,False
Arsenal,False,False
Everton,True,False
Chelsea,False,False
Fulham,True,False
West Ham,False,False
Luton,False,False
Man City,False,False
Tottenham,True,False
Newcastle,False,False
Nott'm Forest,False,False
Tottenham,True,False
Chelsea,True,False
Sheffield United,False,False
Man City,False,False
Crystal Palace,False,False
Newcastle,True,False
Fulham,False,False
Burnley,False,False
Everton,True,False
Arsenal,True,False
Brighton,False,False
Brentford,False,False
Aston Villa,False,False
West Ham,True,False
Wolves,False,False
Liverpool,False,False
Man United,False,False
Crystal Palace,False,False
Brighton,False,False
Aston Villa,False,False
Sheffield United,False,False
West Ham,True,False
Man United,False,False
Fulham,False,False
Burnley,True,False
Luton,False,False
Newcastle,False,False
Nott'm Forest,False,False
Bournemouth,False,False
Tottenham,False,False
Everton,False,False
Liverpool,False,False
Arsenal,False,False
Wolves,False,False
Chelsea,False,False
Newcastle,False,False
Nott'm Forest,True,False
Bournemouth,True,False
Fulham,False,False
Sheffield United,False,False
Luton,False,False
Burnley,False,False
Liverpool,True,False
Man United,False,False
Aston Villa,False,False
Brentford,False,False
Wolves,True,False
Chelsea,False,False
Crystal Palace,False,False
Everton,False,False
Man City,True,False
Brighton,True,False
Tottenham,False,False
Arsenal,False,False
West Ham,True,False
Luton,False,False
Chelsea,False,False
Aston Villa,False,False
Burnley,False,False
Crystal Palace,True,False
Brentford,False,False
Man City,True,False
Sheffield United,False,False
Wolves,True,False
Everton,False,False
Nott'm Forest,False,False
Man United,False,False
Fulham,False,False
Arsenal,False,False
Tottenham,True,False
Bournemouth,False,False
Liverpool,True,False
Newcastle,False,False
West Ham,False,False
Brighton,False,False
Burnley,False,False
Luton,False,False
Chelsea,False,False
Fulham,False,False
Newcastle,False,False
Man City,False,False
Everton,False,False
Aston Villa,False,False
Man United,False,False
Tottenham,False,False
Arsenal,True,False
Crystal Palace,False,False
Brentford,False,False
Nott'm Forest,False,False
Sheffield United,False,False
West Ham,False,False
Bournemouth,False,False
Liverpool,True,False
Brighton,False,False
Wolves,False,False
Nott'm Forest,False,False
Arsenal,False,False
Fulham,False,False
Everton,False,False
Luton,True,False
Brighton,False,False
Crystal Palace,False,False
Sheffield United,False,False
Aston Villa,False,False
Newcastle,True,False
Man City,True,False
Burnley,False,False
Tottenham,False,False
Brentford,False,False
Liverpool,True,False
Chelsea,False,False
West Ham,False,False
Bournemouth,False,False
Wolves,False,False
Man United,False,False
Everton,False,False
Tottenham,False,False
Brighton,True,False
Crystal Palace,False,False
Burnley,False,False
Fulham,False,False
Newcastle,False,False
Luton,False,False
Sheffield United,False,False
Aston Villa,True,False
Bournemouth,False,False
Nott'm Forest,False,False
Chelsea,False,False
Wolves,True,False
Man United,True,False
West Ham,False,False
Arsenal,True,False
Liverpool,False,False
Brentford,False,False
Man City,True,False
Man City,True,False
Everton,False,False
Fulham,True,False
Bournemouth,False,False
Liverpool,True,False
Burnley,False,False
Luton,False,False
Sheffield United,True,False
Tottenham,False,False
Brighton,False,False
Wolves,False,False
Brentford,True,False
Nott'm Forest,False,False
Newcastle,False,False
West Ham,False,False
Arsenal,True,False
Aston Villa,False,False
Man United,False,False
Crystal Palace,False,False
Chelsea,True,False
Brentford,False,False
Liverpool,True,False
Burnley,False,False
Arsenal,True,False
Fulham,False,False
Aston Villa,False,False
Newcastle,False,False
Bournemouth,False,False
Nott'm Forest,True,False
West Ham,False,False
Tottenham,False,False
Wolves,False,False
Man City,False,False
Chelsea,False,False
Sheffield United,False,False
Brighton,True,False
Luton,False,False
Man United,False,False
Everton,False,False
Crystal Palace,False,False
Man City,False,False
Brentford,False,False
Liverpool,True,False
Luton,False,False
Aston Villa,True,False
Nott'm Forest,False,False
Brighton,False,False
Everton,False,False
Crystal Palace,True,False
Burnley,False,False
Man United,False,False
Fulham,False,False
Bournemouth,False,False
Man City,False,False
Arsenal,True,False
Newcastle,False,False
Wolves,False,False
Sheffield United,False,False
West Ham,True,False
Brentford,False,False
Brentford,False,False
Chelsea,False,False
Everton,False,False
West Ham,True,False
Fulham,True,False
Brighton,False,False
Newcastle,True,False
Wolves,False,False
Nott'm Forest,False,False
Liverpool,False,False
Tottenham,True,False
Crystal Palace,False,False
Luton,False,False
Aston Villa,False,False
Burnley,False,False
Bournemouth,True,False
Man City,True,False
Man United,False,False
Sheffield United,False,False
Arsenal,True,False
Man United,True,False
Everton,False,False
Bournemouth,False,False
Sheffield United,False,False
Crystal Palace,False,False
Luton,False,False
Wolves,False,False
Fulham,False,False
Arsenal,False,False
Brentford,False,False
Aston Villa,False,False
Tottenham,True,False
Brighton,False,False
Nott'm Forest,False,False
West Ham,False,False
Burnley,False,False
Liverpool,False,False
Man City,False,False
Chelsea,False,False
Newcastle,False,False
Bournemouth,False,False
Luton,False,False
Burnley,False,False
Brentford,False,False
Luton,False,False
Nott'm Forest,False,False
Fulham,True,False
Tottenham,False,False
West Ham,False,False
Aston Villa,False,False
Newcastle,False,False
West Ham,False,False
Bournemouth,False,False
Everton,False,False
Chelsea,False,False
Burnley,False,False
Nott'm Forest,False,False
Crystal Palace,False,False
Sheffield United,False,False
Fulham,False,False
Tottenham,False,False
Luton,False,False
Aston Villa,True,False
Wolves,False,False
Brentford,False,False
Man United,False,False
Liverpool,False,False
Brighton,False,False
Man City,False,False
Arsenal,False,False
Newcastle,False,False
Everton,False,False
Nott'm Forest,True,False
Fulham,False,False
Bournemouth,False,False
Crystal Palace,False,False
Burnley,False,False
Wolves,False,False
West Ham,False,False
Tottenham,False,False
Arsenal,True,False
Luton,False,False
Brentford,False,False
Brighton,False,False
Man City,True,False
Aston Villa,False,False
Liverpool,True,False
Sheffield United,False,False
Chelsea,False,False
Man United,False,False
Crystal Palace,False,False
Man City,True,False
Aston Villa,False,False
Brentford,False,False
Everton,False,False
Burnley,False,False
Fulham,False,False
Newcastle,False,False
Luton,False,False
Bournemouth,False,False
Wolves,False,False
West Ham,False,False
Brighton,False,False
Arsenal,True,False
Man United,False,False
Liverpool,False,False
Sheffield United,False,False
Chelsea,False,False
Tottenham,True,False
Nott'm Forest,False,False
Newcastle,True,False
Tottenham,False,False
Brentford,True,False
Sheffield United,False,False
Burnley,False,False
Brighton,False,False
Man City,True,False
Luton,False,False
Nott'm Forest,False,False
Wolves,False,False
Bournemouth,False,False
Man United,False,False
Liverpool,False,False
Crystal Palace,False,False
West Ham,False,False
Fulham,True,False
Arsenal,False,False
Aston Villa,True,False
Chelsea,True,False
Everton,False,False
Luton,False,False
Brentford,True,False
Sheffield United,False,False
Burnley,True,False
Wolves,False,False
Arsenal,True,False
Everton,True,False
Nott'm Forest,False,False
Aston Villa,True,False
Bournemouth,False,False
Crystal Palace,True,False
West Ham,False,False
Fulham,False,False
Liverpool,True,False
Arsenal,True,False
Chelsea,False,False
Wolves,False,False
Bournemouth,False,False
Crystal Palace,True,False
Newcastle,False,False
Everton,True,False
Liverpool,False,False
Man United,True,False
Sheffield United,False,False
Brighton,False,False
Man City,True,False
West Ham,False,False
Liverpool,False,False
Fulham,False,False
Crystal Palace,False,False
Man United,False,False
Burnley,False,False
Newcastle,True,False
Sheffield United,False,False
Wolves,False,False
Luton,False,False
Everton,False,False
Brentford,False,False
Aston Villa,False,False
Chelsea,False,False
Bournemouth,True,False
Brighton,False,False
Tottenham,False,False
Arsenal,False,False
Nott'm Forest,False,False
Man City,True,False
Chelsea,True,False
Tottenham,False,False
Luton,False,False
Everton,False,False
Arsenal,True,False
Bournemouth,False,False
Brentford,False,False
Fulham,False,False
Burnley,False,False
Newcastle,True,False
Sheffield United,False,False
Nott'm Forest,True,False
Man City,True,False
Wolves,False,False
Brighton,False,False
Aston Villa,False,False
Chelsea,True,False
West Ham,False,False
Liverpool,True,False
Tottenham,False,False
Crystal Palace,True,False
Man United,False,False
Fulham,False,False
Man City,True,False
Bournemouth,False,False
Brentford,False,False
Everton,False,False
Sheffield United,False,False
Newcastle,False,False
Brighton,False,False
Tottenham,False,False
Burnley,False,False
West Ham,True,False
Luton,False,False
Wolves,False,False
Crystal Palace,True,False
Nott'm Forest,False,False
Chelsea,False,False
Man United,False,False
Arsenal,False,False
Aston Villa,False,False
Liverpool,False,False
Tottenham,False,False
Man City,True,False
Brighton,False,False
Chelsea,False,False
Man United,False,False
Newcastle,False,False
Arsenal,False,False
Everton,False,False
Brentford,False,False
Newcastle,True,False
Brighton,False,False
Man United,True,False
Burnley,False,False
Nott'm Forest,False,False
Chelsea,False,False
Bournemouth,False,False
Crystal Palace,True,False
Aston Villa,False,False
Liverpool,True,False
Wolves,False,False
Luton,False,False
Fulham,True,False
Man City,True,False
West Ham,False,False
Sheffield United,False,False
Tottenham,True,False
Sheffield Weds,False,False
Southampton,False,False
Blackburn,False,False
West Brom,False,False
Bristol City,False,False
Preston,False,False
Middlesbrough,False,False
Millwall,False,False
Norwich,False,False
Hull,False,False
Plymouth,True,False
Huddersfield,False,False
Stoke,True,False
Rotherham,False,False
Swansea,False,False
Birmingham,False,False
Watford,True,False
QPR,False,False
Leicester,False,False
Coventry,False,False
Leeds,False,False
Cardiff,False,False
Sunderland,False,False
Ipswich,False,False
Coventry,True,False
Middlesbrough,False,False
Birmingham,False,False
Leeds,False,False
Cardiff,False,False
QPR,False,False
Huddersfield,False,False
Leicester,False,False
Hull,True,False
Sheffield Weds,False,False
Ipswich,True,False
Stoke,False,False
Millwall,False,False
Bristol City,False,False
Preston,False,False
Sunderland,False,False
Rotherham,False,False
Blackburn,False,False
Southampton,False,False
Norwich,False,False
Watford,False,False
Plymouth,False,False
West Brom,False,False
Swansea,False,False
Leeds,False,False
West Brom,False,False
Plymouth,False,False
Southampton,False,False
Blackburn,False,False
Hull,False,False
Bristol City,False,False
Birmingham,True,False
Leicester,False,False
Cardiff,False,False
Middlesbrough,False,False
Huddersfield,False,False
QPR,False,False
Ipswich,False,False
Sheffield Weds,False,False
Preston,False,False
Stoke,False,False
Watford,False,False
Sunderland,False,False
Rotherham,False,False
Swansea,False,False
Coventry,False,False
Norwich,True,False
Millwall,False,False
Hull,False,False
Bristol City,False,False
Birmingham,False,False
Plymouth,False,False
Cardiff,False,False
Sheffield Weds,False,False
Coventry,False,False
Sunderland,False,False
Huddersfield,False,False
Norwich,True,False
Ipswich,False,False
Leeds,False,False
Millwall,False,False
Stoke,False,False
Preston,False,False
Swansea,False,False
Rotherham,False,False
Leicester,False,False
Southampton,False,False
QPR,False,False
West Brom,True,False
Middlesbrough,False,False
Watford,False,False
Blackburn,False,False
Birmingham,False,False
Millwall,False,False
Sunderland,True,False
Southampton,False,False
Swansea,False,False
Bristol City,False,False
Coventry,False,False
Watford,False,False
Ipswich,False,False
Cardiff,False,False
Leeds,False,False
Sheffield Weds,False,False
Leicester,False,False
Hull,False,False
Middlesbrough,False,False
QPR,True,False
Plymouth,True,False
Blackburn,False,False
Rotherham,False,False
Norwich,False,False
Stoke,False,False
Preston,True,False
West Brom,False,False
Huddersfield,False,False
Hull,False,False
Coventry,False,False
Southampton,False,False
Leicester,True,False
Blackburn,False,False
Middlesbrough,False,False
Bristol City,False,False
West Brom,False,False
Huddersfield,True,False
Rotherham,False,False
Norwich,False,False
Stoke,False,False
Preston,False,False
Plymouth,False,False
QPR,False,False
Sunderland,True,False
Sheffield Weds,False,False
Ipswich,False,False
Watford,True,False
Birmingham,False,False
Cardiff,True,False
Swansea,False,False
Millwall,False,False
Leeds,True,False
Bristol City,True,False
Plymouth,False,False
Cardiff,False,False
Coventry,False,False
Preston,False,False
Birmingham,False,False
QPR,False,False
Swansea,False,False
Southampton,False,False
Ipswich,False,False
Sheffield Weds,False,False
Middlesbrough,False,False
Blackburn,False,False
Sunderland,True,False
Huddersfield,False,False
Stoke,False,False
Hull,False,False
Leeds,False,False
Millwall,True,False
Rotherham,False,False
Watford,False,False
West Brom,False,False
Norwich,False,False
Leicester,True,False
Birmingham,False,False
QPR,False,False
Ipswich,False,False
Blackburn,False,False
Leeds,True,False
Watford,False,False
Leicester,False,False
Bristol City,False,False
Middlesbrough,False,False
Southampton,False,False
Plymouth,True,False
Norwich,False,False
Rotherham,False,False
Preston,False,False
Swansea,True,False
Sheffield Weds,False,False
West Brom,False,False
Millwall,False,False
Stoke,False,False
Hull,True,False
Sunderland,False,False
Cardiff,False,False
Coventry,False,False
Huddersfield,False,False
Sheffield Weds,False,False
Sunderland,True,False
Southampton,True,False
Leeds,False,False
Bristol City,False,False
Stoke,False,False
Cardiff,True,False
Rotherham,False,False
Huddersfield,False,False
Ipswich,False,False
Hull,False,False
Plymouth,False,False
Millwall,False,False
Swansea,True,False
Norwich,True,False
Birmingham,False,False
Preston,False,False
West Brom,True,False
QPR,False,False
Coventry,True,False
Watford,False,False
Middlesbrough,False,False
Blackburn,False,False
Leicester,True,False
Birmingham,True,False
Huddersfield,False,False
Ipswich,True,False
Hull,False,False
Middlesbrough,True,False
Cardiff,False,False
Plymouth,False,False
Millwall,True,False
Stoke,False,False
Southampton,False,False
West Brom,False,False
Sheffield Weds,False,False
Coventry,False,False
Blackburn,False,False
Leeds,False,False
QPR,False,False
Leicester,True,False
Preston,False,False
Sunderland,True,False
Watford,False,False
Swansea,False,False
Norwich,False,False
Rotherham,False,False
Bristol City,False,False
Birmingham,True,False
West Brom,False,False
Sunderland,False,False
Middlesbrough,True,False
Cardiff,False,False
Watford,False,False
Coventry,False,False
Norwich,False,False
Ipswich,True,False
Preston,False,False
Leeds,False,False
Bristol City,False,False
Leicester,True,False
Stoke,False,False
Millwall,False,False
Hull,False,False
Plymouth,False,False
Swansea,True,False
QPR,False,False
Blackburn,True,False
Sheffield Weds,False,False
Huddersfield,False,False
Southampton,False,False
Rotherham,False,False
Preston,False,False
Millwall,False,False
Blackburn,False,False
Cardiff,False,False
Bristol City,False,False
Coventry,False,False
Huddersfield,False,False
QPR,False,False
Hull,False,False
Southampton,False,False
Middlesbrough,False,False
Birmingham,False,False
Norwich,False,False
Leeds,False,False
Stoke,False,False
Sunderland,False,False
Swansea,False,False
Leicester,True,False
Watford,False,False
Sheffield Weds,False,False
West Brom,False,False
Plymouth,False,False
Huddersfield,False,False
Cardiff,True,False
Millwall,False,False
Blackburn,False,False
Norwich,False,False
Middlesbrough,False,False
Swansea,False,False
Watford,False,False
Leicester,False,False
Sunderland,False,False
West Brom,True,False
QPR,False,False
Birmingham,False,False
Hull,True,False
Bristol City,False,False
Ipswich,False,False
Plymouth,True,False
Sheffield Weds,False,False
Preston,False,False
Southampton,False,False
Rotherham,True,False
Coventry,False,False
Stoke,False,False
Leeds,False,False
Leeds,True,False
Huddersfield,False,False
Southampton,True,False
Birmingham,False,False
Blackburn,False,False
Swansea,False,False
Cardiff,True,False
Bristol City,False,False
Hull,False,False
Preston,False,False
Ipswich,False,False
Plymouth,False,False
Middlesbrough,False,False
Stoke,True,False
QPR,False,False
Leicester,False,False
Sunderland,True,False
Norwich,False,False
Watford,False,False
Millwall,False,False
Sheffield Weds,True,False
Rotherham,False,False
Coventry,False,False
West Brom,True,False
Leicester,False,False
Leeds,False,False
Birmingham,False,False
Ipswich,False,False
Bristol City,False,False
Sheffield Weds,False,False
Huddersfield,False,False
Watford,False,False
Millwall,False,False
Southampton,False,False
Plymouth,False,False
Middlesbrough,False,False
Preston,False,False
Coventry,False,False
Rotherham,False,False
QPR,False,False
Stoke,False,False
Cardiff,False,False
Swansea,False,False
Sunderland,False,False
West Brom,True,False
Hull,False,False
Norwich,False,False
Blackburn,True,False
Rotherham,False,False
Ipswich,False,False
Blackburn,False,False
Preston,False,False
Sunderland,True,False
Birmingham,False,False
Cardiff,False,False
Norwich,False,False
Coventry,False,False
Stoke,False,False
Hull,False,False
Huddersfield,False,False
Ipswich,False,False
Swansea,False,False
Leeds,False,False
Plymouth,False,False
Middlesbrough,False,False
Leicester,False,False
QPR,False,False
Bristol City,False,False
Sheffield Weds,False,False
Millwall,True,False
Southampton,False,False
West Brom,False,False
Watford,True,False
Rotherham,False,False
Rotherham,False,False
Leeds,False,False
Birmingham,False,False
Sheffield Weds,False,False
Bristol City,False,False
Middlesbrough,False,False
Huddersfield,False,False
Southampton,False,False
Leicester,True,False
Watford,False,False
Millwall,False,False
Coventry,True,False
Norwich,False,False
QPR,False,False
Plymouth,True,False
Sunderland,False,False
Preston,False,False
Cardiff,False,False
Stoke,False,False
Blackburn,True,False
Swansea,False,False
Hull,False,False
West Brom,True,False
Ipswich,False,False
Cardiff,False,False
West Brom,False,False
Coventry,False,False
Plymouth,False,False
Hull,True,False
Rotherham,False,False
Middlesbrough,True,False
Preston,False,False
QPR,True,False
Stoke,False,False
Watford,False,False
Norwich,False,False
Blackburn,True,False
Birmingham,False,False
Leeds,True,False
Swansea,False,False
Sheffield Weds,False,False
Leicester,False,False
Southampton,False,False
Bristol City,False,False
Sunderland,False,False
Huddersfield,False,False
Ipswich,True,False
Millwall,False,False
Preston,False,False
QPR,True,False
West Brom,False,False
Leicester,False,False
Birmingham,False,False
Rotherham,False,False
Hull,False,False
Watford,False,False
Ipswich,False,False
Coventry,False,False
Leeds,False,False
Middlesbrough,False,False
Millwall,False,False
Sunderland,False,False
Plymouth,False,False
Stoke,False,False
Sheffield Weds,True,False
Blackburn,False,False
Southampton,True,False
Cardiff,False,False
Swansea,False,False
Huddersfield,False,False
Bristol City,False,False
Norwich,False,False
Coventry,True,False
Birmingham,False,False
Blackburn,False,False
Leeds,True,False
Sunderland,False,False
West Brom,False,False
Cardiff,False,False
Millwall,False,False
Huddersfield,False,False
Bristol City,False,False
Leicester,True,False
Plymouth,False,False
Middlesbrough,False,False
Ipswich,True,False
Norwich,False,False
Preston,False,False
QPR,True,False
Hull,False,False
Rotherham,False,False
Swansea,False,False
Stoke,False,False
Sheffield Weds,False,False
Watford,False,False
Southampton,False,False
Blackburn,False,False
Bristol City,False,False
Huddersfield,False,False
Preston,True,False
Rotherham,False,False
West Brom,True,False
Stoke,False,False
Swansea,False,False
Watford,False,False
Ipswich,False,False
Sunderland,False,False
Leeds,False,False
Cardiff,False,False
Birmingham,False,False
Coventry,False,False
Southampton,False,False
Leicester,False,False
Millwall,False,False
Norwich,True,False
Sheffield Weds,False,False
QPR,False,False
Plymouth,False,False
Middlesbrough,False,False
Hull,False,False
Ipswich,False,False
Norwich,False,False
Bristol City,False,False
Sunderland,False,False
Hull,True,False
Cardiff,False,False
Leeds,False,False
Coventry,False,False
Millwall,False,False
Huddersfield,False,False
Plymouth,False,False
Rotherham,False,False
Preston,False,False
Watford,True,False
Sheffield Weds,False,False
QPR,False,False
Southampton,True,False
Blackburn,False,False
Swansea,False,False
Middlesbrough,False,False
West Brom,False,False
Stoke,False,False
Birmingham,False,False
Leicester,False,False
Bristol City,False,False
Hull,False,False
Swansea,False,False
Preston,False,False
Leeds,True,False
Ipswich,False,False
Blackburn,False,False
Watford,False,False
Leicester,True,False
Rotherham,False,False
Middlesbrough,False,False
West Brom,False,False
Norwich,True,False
Huddersfield,False,False
Plymouth,False,False
Birmingham,False,False
QPR,False,False
Southampton,False,False
Sheffield Weds,False,False
Cardiff,False,False
Stoke,False,False
Millwall,False,False
Sunderland,False,False
Coventry,True,False
Preston,False,False
Leeds,False,False
Millwall,True,False
QPR,False,False
Cardiff,False,False
Plymouth,False,False
Coventry,True,False
Sheffield Weds,False,False
Huddersfield,True,False
Blackburn,False,False
Hull,False,False
Sunderland,False,False
Rotherham,False,False
Middlesbrough,False,False
Southampton,True,False
Swansea,False,False
Watford,False,False
Bristol City,True,False
West Brom,False,False
Norwich,False,False
Birmingham,False,False
Stoke,True,False
Ipswich,False,False
Leicester,False,False
Southampton,False,False
Plymouth,False,False
Birmingham,False,False
Bristol City,False,False
Cardiff,False,False
Leicester,True,False
Coventry,False,False
Swansea,False,False
Huddersfield,False,False
Middlesbrough,False,False
Hull,False,False
Blackburn,False,False
Ipswich,False,False
QPR,False,False
Millwall,False,False
Norwich,False,False
Preston,False,False
Sheffield Weds,False,False
Rotherham,False,False
Sunderland,False,False
Watford,False,False
Stoke,False,False
West Brom,False,False
Leeds,False,False
Sunderland,True,False
Preston,False,False
Blackburn,False,False
Rotherham,False,False
Bristol City,False,False
Millwall,False,False
Leeds,True,False
Birmingham,False,False
Leicester,True,False
Huddersfield,False,False
Middlesbrough,False,False
Coventry,True,False
Norwich,False,False
Southampton,False,False
Plymouth,False,False
Watford,False,False
QPR,False,False
Cardiff,False,False
Stoke,False,False
Ipswich,False,False
Swansea,False,False
West Brom,False,False
Sheffield Weds,True,False
Hull,False,False
Hull,False,False
Norwich,False,False
Coventry,True,False
Leicester,False,False
Birmingham,False,False
Swansea,False,False
Cardiff,False,False
Leeds,True,False
Huddersfield,False,False
Plymouth,False,False
Millwall,False,False
Middlesbrough,True,False
Preston,True,False
Bristol City,False,False
Rotherham,False,False
Stoke,False,False
Southampton,True,False
Sheffield Weds,False,False
West Brom,True,False
Blackburn,False,False
Ipswich,False,False
Sunderland,False,False
QPR,False,False
Watford,False,False
Sunderland,False,False
Hull,False,False
Swansea,False,False
Southampton,True,False
Blackburn,False,False
Huddersfield,False,False
Bristol City,False,False
Watford,False,False
Middlesbrough,False,False
Rotherham,False,False
Norwich,True,False
West Brom,False,False
Plymouth,True,False
Cardiff,False,False
QPR,True,False
Millwall,False,False
Sheffield Weds,False,False
Coventry,False,False
Stoke,False,False
Birmingham,False,False
Leeds,False,False
Preston,False,False
Leicester,False,False
Ipswich,False,False
Leeds,False,False
Norwich,False,False
Millwall,False,False
Preston,False,False
Sunderland,True,False
Stoke,False,False
QPR,False,False
Huddersfield,False,False
Coventry,False,False
Bristol City,False,False
Leicester,True,False
Swansea,False,False
Sheffield Weds,False,False
Watford,False,False
Bristol City,False,False
Leeds,False,False
Blackburn,False,False
QPR,False,False
Huddersfield,True,False
Sheffield Weds,False,False
Hull,False,False
Millwall,False,False
Norwich,False,False
Coventry,False,False
Preston,False,False
Ipswich,False,False
Rotherham,False,False
Southampton,True,False
Stoke,False,False
Leicester,True,False
Swansea,False,False
Plymouth,False,False
Watford,False,False
Cardiff,False,False
West Brom,False,False
Birmingham,False,False
Middlesbrough,False,False
Sunderland,False,False
Sheffield Weds,True,False
Birmingham,False,False
Ipswich,False,False
West Brom,False,False
Blackburn,True,False
Stoke,False,False
Cardiff,False,False
Preston,True,False
Hull,False,False
Swansea,False,False
Leeds,True,False
Rotherham,False,False
Middlesbrough,False,False
Bristol City,False,False
QPR,False,False
Norwich,False,False
Southampton,True,False
Huddersfield,False,False
Sunderland,True,False
Plymouth,False,False
Watford,False,False
Leicester,False,False
Coventry,False,False
Millwall,False,False
Birmingham,False,False
Blackburn,False,False
Leicester,True,False
Sheffield Weds,False,False
Norwich,True,False
Watford,False,False
Rotherham,False,False
Hull,False,False
Swansea,False,False
Leeds,True,False
Bristol City,True,False
Southampton,False,False
West Brom,True,False
Cardiff,False,False
Huddersfield,False,False
Sunderland,False,False
Plymouth,False,False
Coventry,False,False
Preston,False,False
Middlesbrough,False,False
Stoke,False,False
QPR,False,False
Millwall,False,False
Ipswich,True,False
West Brom,False,False
Southampton,True,False
Plymouth,False,False
Leeds,True,False
Birmingham,False,False
Sunderland,False,False
Bristol City,False,False
QPR,False,False
Huddersfield,False,False
Hull,False,False
Leicester,False,False
Middlesbrough,False,False
Millwall,False,False
Sheffield Weds,True,False
Norwich,True,False
Cardiff,False,False
Preston,False,False
Blackburn,False,False
Rotherham,False,False
Watford,False,False
Stoke,False,False
Coventry,False,False
Swansea,False,False
Ipswich,False,False
Cardiff,False,False
Blackburn,False,False
Ipswich,False,False
Rotherham,False,False
Plymouth,False,False
West Brom,True,False
Southampton,False,False
Hull,False,False
Coventry,False,False
Preston,True,False
Leeds,True,False
Leicester,False,False
Hull,False,False
West Brom,False,False
Blackburn,False,False
Norwich,False,False
Cardiff,False,False
Stoke,False,False
Ipswich,True,False
Birmingham,False,False
Middlesbrough,False,False
Plymouth,True,False
QPR,False,False
Rotherham,False,False
Sheffield Weds,False,False
Bristol City,False,False
Southampton,False,False
Millwall,False,False
Sunderland,False,False
Swansea,False,False
Watford,False,False
Huddersfield,False,False
West Brom,False,False
Coventry,False,False
Bristol City,False,False
Cardiff,False,False
Huddersfield,False,False
Leeds,False,False
Birmingham,False,False
Southampton,False,False
Leicester,False,False
QPR,False,False
Millwall,False,False
Watford,False,False
Norwich,False,False
Sunderland,False,False
Plymouth,False,False
Ipswich,True,False
Preston,False,False
Hull,False,False
Rotherham,False,False
Sheffield Weds,False,False
Stoke,True,False
Middlesbrough,False,False
Swansea,False,False
Blackburn,False,False
Blackburn,False,False
Millwall,False,False
Coventry,True,False
Rotherham,False,False
Hull,False,False
Birmingham,False,False
Leeds,False,False
Stoke,False,False
Sheffield Weds,False,False
Plymouth,False,False
Sunderland,False,False
Leicester,False,False
Ipswich,False,False
Bristol City,False,False
Cardiff,False,False
Huddersfield,False,False
Middlesbrough,True,False
Norwich,False,False
Watford,False,False
Swansea,False,False
QPR,False,False
West Brom,False,False
Sheffield Weds,False,False
Leeds,True,False
Cardiff,False,False
Ipswich,False,False
Blackburn,False,False
Plymouth,False,False
Hull,False,False
Leicester,False,False
Millwall,False,False
Birmingham,False,False
Norwich,True,False
Rotherham,False,False
Preston,False,False
Stoke,False,False
QPR,False,False
Middlesbrough,True,False
Southampton,True,False
Sunderland,False,False
Watford,False,False
Coventry,False,False
Huddersfield,False,False
West Brom,True,False
Bristol City,False,False
Swansea,False,False
Birmingham,False,False
Middlesbrough,False,False
Swansea,True,False
Cardiff,False,False
Birmingham,False,False
Watford,False,False
Ipswich,True,False
Sheffield Weds,False,False
Middlesbrough,False,False
Blackburn,False,False
Plymouth,False,False
Preston,False,False
Rotherham,False,False
Huddersfield,False,False
Stoke,False,False
Norwich,True,False
Sunderland,False,False
QPR,False,False
West Brom,True,False
Bristol City,False,False
Leeds,True,False
Millwall,False,False
Bristol City,False,False
Leicester,False,False
Millwall,False,False
West Brom,False,False
Cardiff,False,False
Sunderland,True,False
Huddersfield,False,False
Coventry,True,False
Hull,False,False
Stoke,True,False
Norwich,False,False
Plymouth,False,False
Preston,True,False
Rotherham,False,False
QPR,False,False
Birmingham,False,False
Sheffield Weds,False,False
Swansea,False,False
Southampton,False,False
Middlesbrough,False,False
Blackburn,False,False
Ipswich,False,False
Watford,False,False
Leeds,False,False
Leicester,True,False
Norwich,False,False
Birmingham,False,False
Preston,False,False
Coventry,False,False
Cardiff,False,False
Middlesbrough,True,False
Sheffield Weds,False,False
Plymouth,False,False
Bristol City,False,False
Rotherham,False,False
Millwall,False,False
Stoke,False,False
Huddersfield,False,False
Sunderland,False,False
Blackburn,True,False
Swansea,False,False
QPR,False,False
West Brom,False,False
Watford,False,False
Ipswich,False,False
Southampton,False,False
Leeds,True,False
Hull,False,False
Rotherham,False,False
Plymouth,False,False
Norwich,False,False
Ipswich,False,False
Blackburn,False,False
Southampton,False,False
Cardiff,False,False
Hull,True,False
Coventry,False,False
Leeds,False,False
Huddersfield,False,False
Millwall,False,False
Leicester,False,False
Birmingham,False,False
Middlesbrough,True,False
Swansea,False,False
QPR,False,False
Sheffield Weds,True,False
Stoke,False,False
West Brom,False,False
Sunderland,False,False
Bristol City,False,False
Watford,False,False
Preston,False,False
Millwall,False,False
Leicester,False,False
Plymouth,False,False
QPR,False,False
Preston,True,False
Huddersfield,False,False
Sheffield Weds,False,False
Norwich,False,False
Southampton,False,False
Coventry,False,False
Leeds,False,False
Sunderland,False,False
Birmingham,False,False
Cardiff,False,False
Bristol City,True,False
Blackburn,False,False
Hull,False,False
Middlesbrough,False,False
Ipswich,False,False
Watford,False,False
Swansea,True,False
Stoke,False,False
West Brom,True,False
Rotherham,False,False
Plymouth,False,False
Leicester,False,False
Leeds,False,False
Blackburn,False,False
Birmingham,True,False
Coventry,False,False
Bristol City,False,False
Huddersfield,False,False
Hull,True,False
QPR,False,False
Ipswich,False,False
Middlesbrough,False,False
Millwall,True,False
Cardiff,False,False
Preston,False,False
Norwich,False,False
Sheffield Weds,False,False
Stoke,False,False
Southampton,False,False
Watford,False,False
Swansea,False,False
Rotherham,False,False
West Brom,False,False
Sunderland,False,False
Southampton,True,False
Preston,False,False
Leicester,False,False
West Brom,False,False
Cardiff,False,False
Southampton,False,False
Huddersfield,False,False
Swansea,True,False
Norwich,False,False
Bristol City,False,False
Rotherham,False,False
Birmingham,False,False
Stoke,True,False
Plymouth,False,False
Sunderland,False,False
Millwall,False,False
Watford,False,False
Hull,False,False
QPR,False,False
Preston,False,False
Blackburn,False,False
Sheffield Weds,True,False
Middlesbrough,False,False
Leeds,False,False
Leicester,True,False
Southampton,False,False
Coventry,False,False
Hull,False,False
QPR,True,False
Leeds,False,False
Blackburn,False,False
Coventry,False,False
Bristol City,True,False
Rotherham,False,False
Cardiff,False,False
Middlesbrough,True,False
Huddersfield,False,False
Birmingham,False,False
Millwall,False,False
Plymouth,False,False
Norwich,False,False
Swansea,False,False
Sheffield Weds,True,False
West Brom,False,False
Southampton,False,False
Stoke,False,False
Watford,False,False
Sunderland,False,False
Hull,False,False
Ipswich,False,False
Preston,False,False
Leicester,True,False
Coventry,False,False
Ipswich,False,False
Birmingham,False,False
Norwich,False,False
Coventry,False,False
QPR,False,False
Ipswich,True,False
Huddersfield,False,False
Leeds,False,False
Southampton,False,False
Leicester,False,False
Blackburn,True,False
Middlesbrough,True,False
Watford,False,False
Plymouth,False,False
Hull,False,False
Rotherham,True,False
Cardiff,False,False
Stoke,True,False
Bristol City,False,False
Sunderland,False,False
Sheffield Weds,True,False
Swansea,False,False
Millwall,False,False
West Brom,True,False
Preston,False,False
Barnsley,True,False
Port Vale,False,False
Blackpool,True,False
Burton,False,False
Bolton,True,False
Lincoln,False,False
Cambridge,True,False
Oxford,False,False
Carlisle,False,False
Fleetwood Town,False,False
Charlton,False,False
Leyton Orient,False,False
Derby,False,False
Wigan,False,False
Northampton,False,False
Stevenage,False,False
Portsmouth,False,False
Bristol Rvs,False,False
Reading,False,False
Peterboro,False,False
Shrewsbury,False,False
Cheltenham,False,False
Wycombe,False,False
Exeter,True,False
Bristol Rvs,False,False
Barnsley,False,False
Burton,False,False
Derby,True,False
Cheltenham,False,False
Bolton,True,False
Exeter,False,False
Blackpool,False,False
Fleetwood Town,False,False
Cambridge,True,False
Leyton Orient,False,False
Portsmouth,True,False
Lincoln,True,False
Wycombe,False,False
Oxford,False,False
Carlisle,False,False
Peterboro,False,False
Charlton,False,False
Port Vale,False,False
Reading,False,False
Stevenage,True,False
Shrewsbury,False,False
Wigan,False,False
Northampton,False,False
Barnsley,False,False
Peterboro,True,False
Blackpool,False,False
Port Vale,False,False
Bolton,True,False
Fleetwood Town,False,False
Cambridge,False,False
Stevenage,False,False
Carlisle,False,False
Wigan,False,False
Charlton,False,False
Bristol Rvs,False,False
Derby,False,False
Oxford,False,False
Northampton,False,False
Lincoln,False,False
Shrewsbury,False,False
Burton,False,False
Wycombe,False,False
Leyton Orient,False,False
Portsmouth,False,False
Exeter,False,False
Reading,False,False
Cheltenham,False,False
Bolton,False,False
Wigan,True,False
Barnsley,False,False
Oxford,True,False
Blackpool,False,False
Leyton Orient,False,False
Cambridge,True,False
Bristol Rvs,False,False
Carlisle,False,False
Exeter,True,False
Charlton,False,False
Port Vale,False,False
Derby,False,False
Fleetwood Town,False,False
Northampton,False,False
Peterboro,False,False
Portsmouth,False,False
Cheltenham,False,False
Reading,True,False
Stevenage,False,False
Shrewsbury,False,False
Lincoln,False,False
Wycombe,False,False
Burton,False,False
Bristol Rvs,False,False
Wycombe,False,False
Burton,False,False
Bolton,False,False
Cheltenham,False,False
Northampton,False,False
Exeter,False,False
Reading,False,False
Fleetwood Town,False,False
Shrewsbury,False,False
Leyton Orient,True,False
Cambridge,False,False
Lincoln,True,False
Blackpool,False,False
Oxford,False,False
Charlton,False,False
Peterboro,False,False
Derby,True,False
Port Vale,False,False
Carlisle,False,False
Stevenage,False,False
Portsmouth,False,False
Wigan,False,False
Barnsley,True,False
Blackpool,False,False
Wigan,False,False
Bolton,False,False
Derby,False,False
Bristol Rvs,False,False
Lincoln,False,False
Burton,False,False
Exeter,False,False
Carlisle,True,False
Shrewsbury,False,False
Charlton,False,False
Fleetwood Town,False,False
Cheltenham,False,False
Barnsley,True,False
Leyton Orient,False,False
Stevenage,True,False
Northampton,False,False
Wycombe,False,False
Oxford,False,False
Port Vale,False,False
Portsmouth,True,False
Peterboro,False,False
Cambridge,False,False
Reading,False,False
Exeter,False,False
Leyton Orient,False,False
Stevenage,False,False
Carlisle,False,False
Barnsley,True,False
Burton,False,False
Derby,False,False
Portsmouth,False,False
Exeter,False,False
Cheltenham,False,False
Fleetwood Town,False,False
Oxford,True,False
Lincoln,False,False
Carlisle,False,False
Peterboro,False,False
Leyton Orient,False,False
Port Vale,False,False
Northampton,False,False
Reading,False,False
Bolton,False,False
Shrewsbury,False,False
Bristol Rvs,True,False
Stevenage,False,False
Charlton,False,False
Wigan,False,False
Cambridge,False,False
Wycombe,True,False
Blackpool,False,False
Barnsley,False,False
Portsmouth,False,False
Peterboro,True,False
Cheltenham,False,False
Port Vale,False,False
Burton,False,False
Blackpool,True,False
Reading,False,False
Bolton,False,False
Peterboro,False,False
Bristol Rvs,True,False
Wigan,False,False
Burton,False,False
Fleetwood Town,False,False
Cambridge,False,False
Port Vale,False,False
Carlisle,False,False
Derby,True,False
Charlton,True,False
Wycombe,False,False
Cheltenham,False,False
Stevenage,True,False
Leyton Orient,False,False
Shrewsbury,False,False
Northampton,False,False
Barnsley,False,False
Oxford,True,False
Exeter,False,False
Portsmouth,False,False
Lincoln,False,False
Barnsley,False,False
Blackpool,False,False
Derby,False,False
Cambridge,False,False
Exeter,False,False
Northampton,True,False
Fleetwood Town,False,False
Leyton Orient,False,False
Lincoln,True,False
Cheltenham,False,False
Peterboro,True,False
Bristol Rvs,False,False
Port Vale,False,False
Bolton,False,False
Reading,False,False
Burton,False,False
Shrewsbury,False,False
Charlton,False,False
Stevenage,False,False
Oxford,True,False
Wigan,False,False
Portsmouth,False,False
Wycombe,True,False
Carlisle,False,False
Blackpool,False,False
Derby,True,False
Bolton,False,False
Stevenage,False,False
Bristol Rvs,True,False
Port Vale,False,False
Burton,False,False
Wigan,False,False
Cambridge,False,False
Barnsley,True,False
Carlisle,False,False
Peterboro,False,False
Charlton,True,False
Exeter,False,False
Cheltenham,False,False
Fleetwood Town,True,False
Northampton,True,False
Reading,False,False
Oxford,True,False
Shrewsbury,False,False
Portsmouth,False,False
Wycombe,False,False
Oxford,False,False
Bristol Rvs,False,False
Bolton,False,False
Carlisle,True,False
Charlton,False,False
Blackpool,False,False
Cheltenham,False,False
Derby,False,False
Exeter,False,False
Barnsley,False,False
Fleetwood Town,False,False
Wycombe,True,False
Leyton Orient,False,False
Reading,False,False
Peterboro,True,False
Lincoln,False,False
Portsmouth,True,False
Port Vale,False,False
Shrewsbury,False,False
Northampton,False,False
Stevenage,False,False
Wigan,False,False
Burton,False,False
Cambridge,False,False
Blackpool,True,False
Stevenage,False,False
Cambridge,False,False
Shrewsbury,False,False
Carlisle,False,False
Leyton Orient,False,False
Lincoln,False,False
Burton,False,False
Bolton,False,False
Northampton,False,False
Burton,True,False
Bristol Rvs,False,False
Charlton,True,False
Reading,False,False
Cheltenham,False,False
Cambridge,False,False
Exeter,False,False
Wigan,True,False
Fleetwood Town,False,False
Lincoln,False,False
Leyton Orient,False,False
Barnsley,False,False
Oxford,False,False
Blackpool,False,False
Peterboro,False,False
Wycombe,False,False
Portsmouth,False,False
Carlisle,False,False
Shrewsbury,False,False
Derby,False,False
Stevenage,False,False
Port Vale,False,False
Barnsley,True,False
Shrewsbury,False,False
Blackpool,False,False
Cheltenham,False,False
Bristol Rvs,False,False
Stevenage,False,False
Cambridge,False,False
Portsmouth,False,False
Carlisle,False,False
Burton,False,False
Derby,True,False
Exeter,False,False
Lincoln,True,False
Charlton,False,False
Northampton,False,False
Leyton Orient,False,False
Port Vale,False,False
Peterboro,False,False
Wigan,True,False
Oxford,False,False
Wycombe,False,False
Bolton,True,False
Reading,False,False
Fleetwood Town,False,False
Barnsley,False,False
Fleetwood Town,False,False
Blackpool,False,False
Peterboro,True,False
Bristol Rvs,False,False
Northampton,False,False
Burton,False,False
Leyton Orient,False,False
Cambridge,False,False
Carlisle,False,False
Charlton,False,False
Bolton,True,False
Exeter,False,False
Lincoln,False,False
Oxford,False,False
Wycombe,False,False
Port Vale,False,False
Cheltenham,False,False
Reading,False,False
Portsmouth,False,False
Stevenage,True,False
Derby,False,False
Wigan,True,False
Shrewsbury,False,False
Derby,True,False
Northampton,False,False
Lincoln,False,False
Oxford,True,False
Wigan,False,False
Charlton,False,False
Wycombe,False,False
Cambridge,False,False
Fleetwood Town,False,False
Blackpool,False,False
Shrewsbury,False,False
Bolton,True,False
Wigan,False,False
Peterboro,False,False
Reading,False,False
Bristol Rvs,False,False
Peterboro,True,False
Cambridge,False,False
Bolton,False,False
Blackpool,False,False
Carlisle,False,False
Bristol Rvs,False,False
Cheltenham,False,False
Wigan,False,False
Derby,True,False
Barnsley,False,False
Fleetwood Town,True,False
Exeter,False,False
Leyton Orient,False,False
Oxford,False,False
Lincoln,False,False
Port Vale,False,False
Northampton,True,False
Burton,False,False
Portsmouth,False,False
Charlton,False,False
Shrewsbury,False,False
Reading,False,False
Wycombe,False,False
Stevenage,False,False
Blackpool,True,False
Shrewsbury,False,False
Stevenage,False,False
Lincoln,False,False
Leyton Orient,False,False
Lincoln,False,False
Bolton,True,False
Exeter,False,False
Carlisle,False,False
Charlton,False,False
Cheltenham,True,False
Oxford,False,False
Derby,False,False
Bristol Rvs,False,False
Fleetwood Town,False,False
Stevenage,True,False
Leyton Orient,False,False
Wigan,False,False
Lincoln,False,False
Barnsley,False,False
Northampton,False,False
Cambridge,False,False
Peterboro,True,False
Burton,False,False
Portsmouth,False,False
Blackpool,True,False
Shrewsbury,False,False
Port Vale,False,False
Wycombe,False,False
Reading,False,False
Barnsley,False,False
Wycombe,False,False
Blackpool,False,False
Northampton,False,False
Bristol Rvs,False,False
Leyton Orient,False,False
Burton,False,False
Portsmouth,True,False
Cambridge,False,False
Lincoln,True,False
Charlton,False,False
Cheltenham,False,False
Exeter,False,False
Shrewsbury,False,False
Oxford,False,False
Bolton,False,False
Port Vale,False,False
Derby,False,False
Stevenage,False,False
Peterboro,False,False
Wigan,True,False
Fleetwood Town,False,False
Reading,True,False
Carlisle,False,False
Northampton,False,False
Portsmouth,True,False
Blackpool,True,False
Carlisle,False,False
Bristol Rvs,False,False
Cheltenham,False,False
Burton,False,False
Stevenage,False,False
Charlton,False,False
Cambridge,False,False
Exeter,False,False
Port Vale,False,False
Leyton Orient,False,False
Derby,True,False
Northampton,True,False
Fleetwood Town,False,False
Peterboro,True,False
Oxford,False,False
Reading,False,False
Barnsley,True,False
Wigan,False,False
Lincoln,False,False
Wycombe,False,False
Shrewsbury,False,False
Portsmouth,True,False
Bolton,False,False
Reading,False,False
Oxford,False,False
Barnsley,False,False
Charlton,False,False
Bolton,False,False
Bristol Rvs,False,False
Cambridge,False,False
Blackpool,False,False
Carlisle,False,False
Northampton,False,False
Cheltenham,False,False
Leyton Orient,False,False
Derby,False,False
Wycombe,False,False
Fleetwood Town,False,False
Peterboro,False,False
Lincoln,False,False
Reading,False,False
Oxford,True,False
Burton,False,False
Port Vale,False,False
Wigan,False,False
Shrewsbury,False,False
Portsmouth,True,False
Stevenage,False,False
Exeter,False,False
Derby,True,False
Lincoln,False,False
Cambridge,True,False
Exeter,False,False
Barnsley,False,False
Stevenage,False,False
Blackpool,True,False
Bristol Rvs,False,False
Bolton,False,False
Leyton Orient,False,False
Carlisle,False,False
Cheltenham,False,False
Charlton,False,False
Burton,False,False
Northampton,False,False
Oxford,False,False
Portsmouth,False,False
Fleetwood Town,False,False
Reading,True,False
Wigan,False,False
Shrewsbury,False,False
Peterboro,False,False
Wycombe,False,False
Port Vale,False,False
Leyton Orient,False,False
Charlton,False,False
Bristol Rvs,False,False
Portsmouth,False,False
Burton,False,False
Blackpool,False,False
Cheltenham,True,False
Shrewsbury,False,False
Exeter,False,False
Wycombe,False,False
Fleetwood Town,False,False
Carlisle,False,False
Lincoln,False,False
Bolton,False,False
Oxford,False,False
Cambridge,False,False
Peterboro,False,False
Reading,False,False
Port Vale,False,False
Barnsley,False,False
Stevenage,True,False
Northampton,False,False
Wigan,False,False
Derby,False,False
Wigan,True,False
Carlisle,False,False
Bristol Rvs,False,False
Charlton,False,False
Burton,False,False
Shrewsbury,False,False
Cheltenham,False,False
Reading,False,False
Exeter,False,False
Portsmouth,False,False
Fleetwood Town,False,False
Bolton,True,False
Leyton Orient,False,False
Wycombe,False,False
Lincoln,False,False
Northampton,False,False
Oxford,False,False
Derby,False,False
Peterboro,False,False
Barnsley,False,False
Port Vale,True,False
Blackpool,False,False
Barnsley,False,False
Wigan,False,False
Blackpool,True,False
Lincoln,False,False
Bolton,False,False
Burton,False,False
Cambridge,False,False
Leyton Orient,True,False
Carlisle,False,False
Port Vale,False,False
Charlton,False,False
Oxford,False,False
Derby,False,False
Peterboro,False,False
Northampton,False,False
Cheltenham,False,False
Portsmouth,False,False
Stevenage,False,False
Reading,False,False
Exeter,False,False
Shrewsbury,True,False
Fleetwood Town,False,False
Wycombe,False,False
Bristol Rvs,False,False
Fleetwood Town,False,False
Derby,True,False
Burton,False,False
Wycombe,False,False
Cheltenham,False,False
Portsmouth,False,False
Exeter,False,False
Carlisle,False,False
Port Vale,False,False
Charlton,False,False
Barnsley,False,False
Bristol Rvs,False,False
Blackpool,True,False
Exeter,False,False
Cambridge,False,False
Fleetwood Town,False,False
Carlisle,False,False
Oxford,True,False
Charlton,False,False
Peterboro,False,False
Northampton,False,False
Wigan,False,False
Portsmouth,False,False
Leyton Orient,True,False
Shrewsbury,False,False
Stevenage,False,False
Wycombe,False,False
Lincoln,False,False
Derby,False,False
Burton,False,False
Barnsley,False,False
Carlisle,False,False
Bristol Rvs,False,False
Blackpool,False,False
Burton,True,False
Charlton,False,False
Exeter,False,False
Cambridge,False,False
Fleetwood Town,False,False
Portsmouth,False,False
Leyton Orient,False,False
Bolton,False,False
Lincoln,False,False
Derby,False,False
Peterboro,False,False
Shrewsbury,False,False
Wigan,False,False
Reading,False,False
Bolton,False,False
Cheltenham,False,False
Bristol Rvs,False,False
Exeter,False,False
Charlton,False,False
Northampton,False,False
Oxford,False,False
Barnsley,False,False
Wigan,False,False
Wycombe,False,False
Reading,False,False
Derby,False,False
Barnsley,False,False
Exeter,False,False
Blackpool,False,False
Charlton,False,False
Bristol Rvs,True,False
Oxford,False,False
Cambridge,False,False
Burton,False,False
Carlisle,False,False
Bolton,True,False
Derby,False,False
Cheltenham,False,False
Lincoln,False,False
Peterboro,False,False
Northampton,False,False
Shrewsbury,True,False
Port Vale,False,False
Portsmouth,False,False
Reading,False,False
Leyton Orient,False,False
Wigan,False,False
Stevenage,False,False
Wycombe,False,False
Fleetwood Town,False,False
Oxford,False,False
Portsmouth,False,False
Oxford,False,False
Reading,False,False
Bolton,False,False
Barnsley,False,False
Burton,False,False
Lincoln,False,False
Charlton,False,False
Derby,False,False
Cheltenham,False,False
Wycombe,True,False
Exeter,False,False
Bristol Rvs,False,False
Fleetwood Town,True,False
Port Vale,False,False
Leyton Orient,False,False
Carlisle,False,False
Peterboro,False,False
Wigan,False,False
Portsmouth,True,False
Northampton,False,False
Shrewsbury,False,False
Cambridge,False,False
Stevenage,False,False
Blackpool,False,False
Bristol Rvs,False,False
Fleetwood Town,True,False
Exeter,False,False
Peterboro,False,False
Port Vale,False,False
Leyton Orient,False,False
Stevenage,False,False
Reading,False,False
Barnsley,False,False
Leyton Orient,False,False
Blackpool,False,False
Oxford,False,False
Bristol Rvs,False,False
Burton,False,False
Cambridge,False,False
Cheltenham,False,False
Carlisle,False,False
Portsmouth,False,False
Derby,False,False
Shrewsbury,False,False
Lincoln,False,False
Fleetwood Town,False,False
Northampton,False,False
Bolton,False,False
Port Vale,False,False
Stevenage,False,False
Reading,True,False
Charlton,False,False
Wigan,False,False
Exeter,False,False
Wycombe,True,False
Peterboro,False,False
Bolton,False,False
Wycombe,False,False
Charlton,False,False
Lincoln,False,False
Cheltenham,True,False
Blackpool,False,False
Exeter,False,False
Derby,True,False
Fleetwood Town,False,False
Reading,False,False
Leyton Orient,False,False
Northampton,False,False
Oxford,True,False
Wigan,False,False
Portsmouth,True,False
Cambridge,False,False
Shrewsbury,False,False
Barnsley,False,False
Stevenage,False,False
Bristol Rvs,False,False
Bolton,False,False
Charlton,False,False
Carlisle,False,False
Cambridge,True,False
Cheltenham,False,False
Port Vale,False,False
Derby,False,False
Stevenage,False,False
Fleetwood Town,False,False
Barnsley,False,False
Leyton Orient,False,False
Burton,False,False
Lincoln,False,False
Exeter,False,False
Northampton,True,False
Bristol Rvs,False,False
Peterboro,False,False
Blackpool,False,False
Portsmouth,True,False
Reading,False,False
Shrewsbury,False,False
Wigan,False,False
Wycombe,False,False
Oxford,False,False
Cambridge,False,False
Bolton,False,False
Oxford,False,False
Northampton,False,False
Reading,True,False
Port Vale,False,False
Wigan,False,False
Cheltenham,False,False
Cambridge,False,False
Peterboro,False,False
Barnsley,False,False
Derby,False,False
Blackpool,True,False
Bolton,False,False
Bristol Rvs,False,False
Carlisle,False,False
Burton,False,False
Northampton,True,False
Charlton,False,False
Portsmouth,False,False
Exeter,False,False
Fleetwood Town,False,False
Oxford,False,False
Leyton Orient,False,False
Port Vale,False,False
Lincoln,True,False
Reading,False,False
Shrewsbury,False,False
Stevenage,False,False
Wycombe,False,False
Burton,False,False
Carlisle,False,False
Derby,False,False
Charlton,False,False
Leyton Orient,False,False
Blackpool,False,False
Lincoln,True,False
Shrewsbury,False,False
Port Vale,False,False
Fleetwood Town,False,False
Stevenage,False,False
Cambridge,False,False
Wigan,False,False
Bolton,False,False
Wycombe,True,False
Cheltenham,False,False
Bolton,True,False
Cambridge,False,False
Carlisle,False,False
Reading,True,False
Cheltenham,False,False
Burton,False,False
Derby,True,False
Port Vale,False,False
Fleetwood Town,True,False
Wigan,False,False
Leyton Orient,False,False
Bristol Rvs,False,False
Lincoln,False,False
Stevenage,False,False
Northampton,False,False
Charlton,False,False
Peterboro,False,False
Exeter,False,False
Portsmouth,False,False
Oxford,False,False
Shrewsbury,False,False
Blackpool,True,False
Wycombe,False,False
Barnsley,True,False
Barnsley,False,False
Bolton,False,False
Cheltenham,False,False
Charlton,True,False
Peterboro,True,False
Northampton,False,False
Barnsley,False,False
Lincoln,True,False
Blackpool,False,False
Portsmouth,False,False
Bristol Rvs,False,False
Derby,True,False
Burton,False,False
Peterboro,True,False
Cambridge,False,False
Northampton,False,False
Charlton,False,False
Carlisle,False,False
Exeter,False,False
Bolton,False,False
Oxford,False,False
Cheltenham,False,False
Port Vale,False,False
Shrewsbury,False,False
Reading,False,False
Wycombe,False,False
Stevenage,False,False
Fleetwood Town,False,False
Wigan,False,False
Leyton Orient,False,False
Carlisle,False,False
Barnsley,False,False
Derby,False,False
Reading,False,False
Fleetwood Town,False,False
Bristol Rvs,False,False
Leyton Orient,False,False
Port Vale,False,False
Lincoln,True,False
Cambridge,False,False
Northampton,False,False
Blackpool,False,False
Portsmouth,False,False
Burton,False,False
Shrewsbury,False,False
Exeter,True,False
Wycombe,False,False
Wigan,False,False
Bolton,True,False
Oxford,False,False
Peterboro,True,False
Stevenage,False,False
Barnsley,False,False
Cheltenham,False,False
Derby,False,False
Bolton,False,False
Exeter,False,False
Burton,False,False
Fleetwood Town,False,False
Charlton,False,False
Lincoln,True,False
Bristol Rvs,False,False
Peterboro,False,False
Portsmouth,False,False
Port Vale,False,False
Oxford,True,False
Reading,True,False
Cambridge,False,False
Shrewsbury,False,False
Carlisle,False,False
Stevenage,False,False
Leyton Orient,False,False
Wigan,False,False
Blackpool,False,False
Wycombe,True,False
Northampton,False,False
Burton,False,False
Port Vale,False,False
Carlisle,False,False
Stevenage,False,False
Northampton,False,False
Derby,False,False
Barnsley,False,False
Cambridge,True,False
Derby,False,False
Blackpool,False,False
Exeter,False,False
Charlton,False,False
Fleetwood Town,False,False
Cheltenham,False,False
Lincoln,False,False
Leyton Orient,False,False
Peterboro,False,False
Carlisle,True,False
Port Vale,True,False
Bristol Rvs,False,False
Reading,False,False
Northampton,False,False
Shrewsbury,False,False
Oxford,False,False
Stevenage,False,False
Bolton,False,False
Wigan,False,False
Burton,False,False
Wycombe,False,False
Portsmouth,True,False
Blackpool,False,False
Wycombe,False,False
Bolton,True,False
Reading,False,False
Bristol Rvs,False,False
Shrewsbury,False,False
Burton,False,False
Barnsley,True,False
Cambridge,True,False
Wigan,False,False
Carlisle,False,False
Lincoln,True,False
Charlton,False,False
Stevenage,False,False
Cheltenham,False,False
Exeter,False,False
Leyton Orient,False,False
Peterboro,False,False
Northampton,True,False
Port Vale,False,False
Oxford,True,False
Fleetwood Town,False,False
Portsmouth,False,False
Derby,False,False
Blackpool,False,False
Cambridge,False,False
Bristol Rvs,False,False
Bolton,True,False
Burton,False,False
Oxford,True,False
Charlton,False,False
Barnsley,False,False
Exeter,False,False
Stevenage,False,False
Leyton Orient,True,False
Cheltenham,False,False
Northampton,True,False
Carlisle,False,False
Portsmouth,True,False
Shrewsbury,False,False
Reading,False,False
Lincoln,False,False
Wigan,False,False
Port Vale,False,False
Blackpool,False,False
Fleetwood Town,False,False
Bristol Rvs,False,False
Reading,True,False
Charlton,False,False
Wigan,False,False
Cheltenham,False,False
Carlisle,False,False
Leyton Orient,False,False
Exeter,False,False
Stevenage,False,False
Barnsley,False,False
Peterboro,True,False
Port Vale,False,False
Wycombe,False,False
Derby,False,False
Barnsley,False,False
Reading,False,False
Bolton,False,False
Portsmouth,False,False
Cambridge,False,False
Charlton,False,False
Carlisle,False,False
Blackpool,False,False
Cheltenham,False,False
Bristol Rvs,True,False
Derby,True,False
Leyton Orient,False,False
Fleetwood Town,True,False
Northampton,False,False
Lincoln,False,False
Wigan,False,False
Oxford,True,False
Peterboro,False,False
Port Vale,False,False
Exeter,True,False
Shrewsbury,False,False
Wycombe,True,False
Stevenage,False,False
Burton,False,False
Bolton,False,False
Shrewsbury,False,False
Bristol Rvs,False,False
Cambridge,False,False
Burton,False,False
Cheltenham,False,False
Oxford,False,False
Lincoln,False,False
Peterboro,True,False
Fleetwood Town,False,False
Port Vale,False,False
Wycombe,False,False
Portsmouth,False,False
Barnsley,False,False
Oxford,False,False
Stevenage,False,False
Northampton,False,False
Exeter,False,False
Blackpool,False,False
Barnsley,False,False
Bolton,True,False
Port Vale,False,False
Bristol Rvs,False,False
Peterboro,True,False
Burton,False,False
Reading,False,False
Cambridge,False,False
Derby,False,False
Carlisle,False,False
Wycombe,True,False
Charlton,False,False
Shrewsbury,False,False
Cheltenham,False,False
Lincoln,False,False
Leyton Orient,False,False
Fleetwood Town,False,False
Portsmouth,False,False
Wigan,False,False
Cambridge,False,False
Wycombe,False,False
Cheltenham,True,False
Peterboro,False,False
Barnsley,False,False
Northampton,False,False
Derby,True,False
Carlisle,False,False
Exeter,False,False
Oxford,False,False
Fleetwood Town,True,False
Burton,False,False
Lincoln,False,False
Portsmouth,True,False
Peterboro,False,False
Bolton,False,False
Port Vale,False,False
Cambridge,False,False
Reading,False,False
Blackpool,False,False
Shrewsbury,False,False
Leyton Orient,True,False
Stevenage,False,False
Cheltenham,False,False
Wigan,True,False
Bristol Rvs,False,False
Wycombe,False,False
Charlton,False,False
Accrington,True,False
Newport County,False,False
Crawley Town,False,False
Bradford,False,False
Crewe,False,False
Mansfield,False,False
Doncaster,False,False
Harrogate,False,False
Forest Green,False,False
Salford,True,False
Grimsby,False,False
AFC Wimbledon,False,False
Morecambe,False,False
Walsall,False,False
Stockport,False,False
Gillingham,False,False
Sutton,True,False
Notts County,False,False
Tranmere,False,False
Barrow,False,False
Wrexham,False,False
Milton Keynes Dons,True,False
AFC Wimbledon,False,False
Wrexham,False,False
Barrow,False,False
Sutton,False,False
Bradford,False,False
Colchester,False,False
Gillingham,False,False
Accrington,False,False
Harrogate,False,False
Forest Green,False,False
Mansfield,True,False
Morecambe,False,False
Milton Keynes Dons,False,False
Tranmere,False,False
Newport County,True,False
Doncaster,False,False
Notts County,False,False
Grimsby,False,False
Salford,False,False
Crawley Town,False,False
Swindon,False,False
Crewe,False,False
Walsall,False,False
Stockport,False,False
Accrington,False,False
Barrow,False,False
Colchester,False,False
AFC Wimbledon,True,False
Crawley Town,False,False
Milton Keynes Dons,False,False
Crewe,True,False
Newport County,False,False
Doncaster,False,False
Mansfield,False,False
Forest Green,False,False
Swindon,False,False
Grimsby,True,False
Salford,False,False
Morecambe,False,False
Notts County,False,False
Stockport,False,False
Bradford,False,False
Sutton,False,False
Gillingham,False,False
Tranmere,True,False
Harrogate,False,False
Wrexham,True,False
Walsall,False,False
Accrington,False,False
Harrogate,False,False
Colchester,False,False
Milton Keynes Dons,False,False
Crawley Town,False,False
Gillingham,False,False
Crewe,False,False
Walsall,False,False
Doncaster,False,False
Notts County,True,False
Forest Green,False,False
Newport County,True,False
Grimsby,False,False
Mansfield,False,False
Morecambe,True,False
Bradford,False,False
Stockport,False,False
Barrow,False,False
Sutton,False,False
AFC Wimbledon,True,False
Tranmere,False,False
Salford,False,False
Wrexham,False,False
Swindon,False,False
AFC Wimbledon,False,False
Forest Green,False,False
Barrow,False,False
Wrexham,False,False
Bradford,False,False
Crewe,False,False
Gillingham,False,False
Colchester,True,False
Harrogate,True,False
Morecambe,False,False
Mansfield,False,False
Stockport,False,False
Milton Keynes Dons,False,False
Doncaster,False,False
Newport County,True,False
Sutton,False,False
Notts County,False,False
Tranmere,False,False
Salford,False,False
Accrington,False,False
Swindon,True,False
Crawley Town,False,False
Walsall,False,False
Grimsby,False,False
Tranmere,False,False
Wrexham,False,False
Crewe,True,False
Milton Keynes Dons,False,False
Doncaster,False,False
Swindon,False,False
Grimsby,True,False
Gillingham,False,False
Harrogate,False,False
Barrow,False,False
Mansfield,False,False
Bradford,False,False
Morecambe,False,False
Salford,False,False
Newport County,False,False
AFC Wimbledon,False,False
Notts County,True,False
Accrington,False,False
Stockport,False,False
Crawley Town,False,False
Sutton,False,False
Forest Green,False,False
Walsall,False,False
Colchester,False,False
Bradford,False,False
Grimsby,False,False
Accrington,False,False
Mansfield,True,False
AFC Wimbledon,False,False
Stockport,False,False
Colchester,True,False
Tranmere,False,False
Crawley Town,True,False
Newport County,False,False
Forest Green,False,False
Crewe,True,False
Gillingham,False,False
Harrogate,False,False
Milton Keynes Dons,False,False
Notts County,False,False
Salford,False,False
Walsall,False,False
Swindon,True,False
Sutton,False,False
Wrexham,False,False
Doncaster,False,False
Salford,False,False
Notts County,True,False
Accrington,True,False
Sutton,False,False
AFC Wimbledon,False,False
Crewe,False,False
Bradford,False,False
Harrogate,False,False
Colchester,False,False
Mansfield,False,False
Crawley Town,False,False
Tranmere,False,False
Forest Green,False,False
Doncaster,False,False
Gillingham,False,False
Morecambe,False,False
Milton Keynes Dons,False,False
Stockport,False,False
Newport County,False,False
Barrow,False,False
Swindon,True,False
Walsall,False,False
Wrexham,True,False
Grimsby,False,False
Crewe,False,False
Colchester,False,False
Doncaster,False,False
Gillingham,False,False
Grimsby,False,False
Crawley Town,False,False
Harrogate,False,False
Salford,False,False
Mansfield,False,False
Barrow,False,False
Morecambe,False,False
Swindon,False,False
Newport County,False,False
Bradford,True,False
Notts County,False,False
Forest Green,False,False
Stockport,True,False
Wrexham,False,False
Sutton,False,False
Milton Keynes Dons,False,False
Tranmere,True,False
Accrington,False,False
Walsall,False,False
AFC Wimbledon,True,False
Accrington,False,False
Stockport,True,False
AFC Wimbledon,True,False
Tranmere,False,False
Barrow,False,False
Doncaster,False,False
Bradford,False,False
Walsall,True,False
Colchester,False,False
Notts County,False,False
Crawley Town,True,False
Sutton,False,False
Forest Green,False,False
Morecambe,False,False
Gillingham,False,False
Mansfield,False,False
Milton Keynes Dons,False,False
Harrogate,False,False
Salford,False,False
Newport County,False,False
Swindon,False,False
Grimsby,False,False
Wrexham,False,False
Crewe,False,False
Crewe,True,False
Gillingham,False,False
Doncaster,True,False
Crawley Town,False,False
Grimsby,False,False
Barrow,False,False
Harrogate,False,False
AFC Wimbledon,False,False
Mansfield,False,False
Wrexham,False,False
Morecambe,False,False
Accrington,False,False
Newport County,False,False
Colchester,False,False
Notts County,True,False
Swindon,False,False
Stockport,True,False
Forest Green,False,False
Sutton,False,False
Salford,True,False
Tranmere,False,False
Bradford,False,False
Walsall,False,False
Milton Keynes Dons,False,False
Accrington,False,False
Forest Green,False,False
Barrow,False,False
Notts County,False,False
Bradford,False,False
Swindon,False,False
Colchester,False,False
Morecambe,True,False
Crawley Town,False,False
Wrexham,False,False
Gillingham,False,False
Milton Keynes Dons,False,False
Mansfield,False,False
AFC Wimbledon,False,False
Newport County,False,False
Harrogate,False,False
Salford,True,False
Crewe,False,False
Stockport,False,False
Doncaster,False,False
Sutton,True,False
Walsall,False,False
Tranmere,False,False
Grimsby,False,False
Notts County,False,False
Mansfield,True,False
AFC Wimbledon,False,False
Bradford,False,False
Crewe,True,False
Tranmere,False,False
Doncaster,True,False
Sutton,False,False
Forest Green,True,False
Colchester,False,False
Grimsby,False,False
Accrington,True,False
Harrogate,False,False
Stockport,True,False
Milton Keynes Dons,False,False
Barrow,False,False
Swindon,True,False
Newport County,False,False
Walsall,True,False
Gillingham,False,False
Wrexham,False,False
Salford,False,False
Newport County,False,False
Walsall,False,False
Tranmere,False,False
Doncaster,False,False
Accrington,False,False
Milton Keynes Dons,False,False
Barrow,False,False
AFC Wimbledon,False,False
Bradford,False,False
Wrexham,False,False
Colchester,False,False
Harrogate,False,False
Crawley Town,False,False
Crewe,True,False
Gillingham,False,False
Notts County,False,False
Salford,False,False
Swindon,False,False
Stockport,False,False
Grimsby,False,False
Sutton,False,False
Morecambe,False,False
AFC Wimbledon,False,False
Accrington,True,False
Crewe,False,False
Stockport,True,False
Doncaster,False,False
Salford,True,False
Forest Green,False,False
Barrow,True,False
Grimsby,False,False
Colchester,False,False
Harrogate,False,False
Mansfield,True,False
Milton Keynes Dons,True,False
Bradford,False,False
Morecambe,False,False
Tranmere,False,False
Notts County,True,False
Newport County,False,False
Swindon,False,False
Gillingham,False,False
Walsall,False,False
Crawley Town,False,False
Wrexham,False,False
Sutton,False,False
Accrington,False,False
Colchester,False,False
Barrow,False,False
Salford,False,False
Doncaster,False,False
Grimsby,False,False
Forest Green,False,False
Crawley Town,False,False
Gillingham,False,False
Newport County,True,False
Harrogate,False,False
Crewe,False,False
Mansfield,False,False
Walsall,False,False
Milton Keynes Dons,False,False
Swindon,False,False
Morecambe,True,False
AFC Wimbledon,False,False
Notts County,False,False
Wrexham,True,False
Stockport,True,False
Tranmere,False,False
Sutton,False,False
Bradford,False,False
Barrow,False,False
Morecambe,False,False
Colchester,True,False
Swindon,False,False
AFC Wimbledon,True,False
Doncaster,False,False
Bradford,False,False
Barrow,False,False
Colchester,False,False
Sutton,False,False
Crawley Town,True,False
Accrington,False,False
Crewe,False,False
Notts County,False,False
Grimsby,False,False
Morecambe,False,False
Newport County,False,False
Milton Keynes Dons,False,False
Salford,False,False
Mansfield,False,False
Swindon,False,False
Stockport,True,False
Tranmere,True,False
Forest Green,False,False
Walsall,False,False
Harrogate,False,False
Wrexham,True,False
Gillingham,False,False
Notts County,True,False
Bradford,False,False
Accrington,True,False
Wrexham,False,False
Barrow,False,False
Crawley Town,False,False
Forest Green,False,False
Grimsby,False,False
Gillingham,True,False
Salford,False,False
Harrogate,False,False
Swindon,False,False
Mansfield,True,False
Newport County,False,False
Stockport,True,False
Colchester,False,False
Sutton,False,False
Tranmere,False,False
AFC Wimbledon,True,False
Notts County,False,False
Bradford,False,False
Accrington,False,False
Colchester,False,False
Barrow,True,False
Crawley Town,False,False
Harrogate,False,False
Crewe,False,False
Doncaster,False,False
Grimsby,False,False
Sutton,False,False
Newport County,False,False
Stockport,False,False
Salford,False,False
Milton Keynes Dons,True,False
Swindon,False,False
Mansfield,False,False
Tranmere,True,False
Gillingham,False,False
Walsall,False,False
Forest Green,False,False
Wrexham,True,False
Morecambe,False,False
Accrington,False,False
Swindon,False,False
Barrow,True,False
Walsall,False,False
Doncaster,True,False
Colchester,False,False
Forest Green,False,False
Bradford,True,False
Gillingham,False,False
AFC Wimbledon,False,False
Harrogate,False,False
Wrexham,False,False
Mansfield,False,False
Tranmere,False,False
Milton Keynes Dons,False,False
Grimsby,False,False
Morecambe,False,False
Newport County,False,False
Notts County,True,False
Crawley Town,False,False
Stockport,False,False
Salford,False,False
Sutton,False,False
Crewe,False,False
Accrington,False,False
Doncaster,False,False
AFC Wimbledon,True,False
Swindon,False,False
Colchester,False,False
Crawley Town,False,False
Grimsby,False,False
Crewe,False,False
Morecambe,False,False
Stockport,False,False
Notts County,False,False
Walsall,False,False
Tranmere,False,False
Newport County,False,False
Crawley Town,False,False
Mansfield,True,False
Crewe,False,False
Accrington,False,False
Doncaster,False,False
Morecambe,True,False
Gillingham,False,False
Bradford,True,False
Harrogate,True,False
Notts County,False,False
Milton Keynes Dons,True,False
Forest Green,False,False
Newport County,False,False
Grimsby,False,False
Salford,False,False
AFC Wimbledon,False,False
Stockport,True,False
Sutton,False,False
Swindon,False,False
Barrow,True,False
Walsall,False,False
Tranmere,False,False
Wrexham,False,False
Colchester,False,False
Forest Green,False,False
Gillingham,False,False
Colchester,False,False
Salford,False,False
Crawley Town,False,False
AFC Wimbledon,False,False
Crewe,False,False
Barrow,True,False
Doncaster,False,False
Bradford,True,False
Stockport,False,False
Notts County,False,False
Accrington,False,False
Walsall,False,False
Grimsby,False,False
Harrogate,False,False
Morecambe,False,False
Milton Keynes Dons,True,False
Sutton,False,False
Mansfield,True,False
Tranmere,False,False
Swindon,False,False
Wrexham,True,False
Newport County,False,False
Mansfield,True,False
Grimsby,False,False
Gillingham,False,False
Crawley Town,True,False
AFC Wimbledon,False,False
Sutton,False,False
Barrow,False,False
Stockport,False,False
Bradford,False,False
Morecambe,False,False
Harrogate,False,False
Accrington,False,False
Milton Keynes Dons,False,False
Colchester,False,False
Newport County,True,False
Forest Green,False,False
Notts County,True,False
Doncaster,False,False
Salford,False,False
Tranmere,True,False
Swindon,False,False
Wrexham,False,False
Walsall,True,False
Crewe,False,False
AFC Wimbledon,True,False
Colchester,False,False
Barrow,False,False
Accrington,False,False
Bradford,False,False
Stockport,False,False
Gillingham,False,False
Sutton,False,False
Harrogate,False,False
Tranmere,True,False
Mansfield,False,False
Doncaster,False,False
Milton Keynes Dons,True,False
Crawley Town,False,False
Newport County,False,False
Crewe,False,False
Notts County,True,False
Morecambe,False,False
Salford,False,False
Grimsby,True,False
Swindon,False,False
Forest Green,False,False
Walsall,True,False
Wrexham,False,False
Accrington,True,False
Salford,False,False
Colchester,False,False
Gillingham,False,False
Crawley Town,True,False
Swindon,False,False
Crewe,False,False
Bradford,False,False
Doncaster,True,False
Milton Keynes Dons,False,False
Forest Green,False,False
AFC Wimbledon,False,False
Grimsby,False,False
Walsall,True,False
Morecambe,False,False
Harrogate,False,False
Stockport,False,False
Mansfield,True,False
Sutton,False,False
Newport County,False,False
Tranmere,True,False
Notts County,False,False
Wrexham,True,False
Barrow,False,False
Harrogate,True,False
Doncaster,False,False
Barrow,False,False
Tranmere,False,False
Bradford,False,False
Crawley Town,True,False
Mansfield,False,False
Crewe,False,False
Salford,False,False
Forest Green,False,False
Swindon,False,False
Colchester,False,False
Accrington,False,False
Gillingham,False,False
Colchester,False,False
Bradford,False,False
Crawley Town,False,False
Salford,False,False
Crewe,False,False
Swindon,False,False
Doncaster,False,False
Newport County,False,False
Forest Green,False,False
Harrogate,True,False
Grimsby,False,False
Notts County,False,False
Morecambe,False,False
Mansfield,False,False
Stockport,True,False
Walsall,False,False
Sutton,False,False
Barrow,False,False
Tranmere,False,False
Milton Keynes Dons,False,False
Wrexham,True,False
AFC Wimbledon,False,False
Barrow,False,False
Crewe,True,False
Gillingham,False,False
Forest Green,False,False
Milton Keynes Dons,False,False
Morecambe,False,False
Newport County,False,False
Wrexham,False,False
Bradford,False,False
Salford,False,False
Mansfield,False,False
Sutton,False,False
Milton Keynes Dons,True,False
AFC Wimbledon,False,False
AFC Wimbledon,False,False
Mansfield,False,False
Crewe,False,False
Salford,False,False
Doncaster,False,False
Stockport,True,False
Forest Green,False,False
Accrington,False,False
Grimsby,False,False
Tranmere,False,False
Milton Keynes Dons,False,False
Gillingham,False,False
Morecambe,False,False
Colchester,False,False
Notts County,False,False
Barrow,False,False
Swindon,True,False
Bradford,False,False
Walsall,False,False
Sutton,False,False
Sutton,False,False
Harrogate,False,False
Newport County,False,False
Swindon,False,False
Accrington,False,False
Grimsby,False,False
Barrow,False,False
Milton Keynes Dons,False,False
Bradford,False,False
AFC Wimbledon,False,False
Colchester,False,False
Forest Green,False,False
Crawley Town,False,False
Morecambe,False,False
Gillingham,False,False
Walsall,False,False
Mansfield,False,False
Notts County,False,False
Salford,True,False
Wrexham,False,False
Stockport,False,False
Harrogate,False,False
Sutton,False,False
Doncaster,False,False
Tranmere,False,False
Crewe,False,False
Notts County,False,False
Gillingham,True,False
AFC Wimbledon,True,False
Barrow,False,False
Crewe,False,False
Crawley Town,False,False
Doncaster,False,False
Tranmere,False,False
Forest Green,False,False
Mansfield,True,False
Grimsby,False,False
Stockport,True,False
Harrogate,False,False
Colchester,False,False
Milton Keynes Dons,False,False
Accrington,False,False
Morecambe,False,False
Sutton,False,False
Swindon,False,False
Salford,False,False
Walsall,False,False
Newport County,True,False
Wrexham,False,False
Bradford,False,False
Accrington,True,False
AFC Wimbledon,False,False
Barrow,False,False
Forest Green,False,False
Bradford,True,False
Milton Keynes Dons,False,False
Crawley Town,False,False
Walsall,False,False
Gillingham,False,False
Swindon,False,False
Mansfield,True,False
Harrogate,False,False
Newport County,False,False
Notts County,True,False
Salford,False,False
Doncaster,False,False
Stockport,False,False
Crewe,True,False
Sutton,False,False
Wrexham,False,False
Tranmere,False,False
Morecambe,False,False
AFC Wimbledon,False,False
Morecambe,False,False
Bradford,False,False
Sutton,False,False
Colchester,False,False
Accrington,False,False
Crawley Town,True,False
Forest Green,False,False
Crewe,False,False
Harrogate,False,False
Grimsby,False,False
Doncaster,True,False
Newport County,False,False
Gillingham,False,False
Salford,True,False
Barrow,False,False
Swindon,False,False
Milton Keynes Dons,False,False
Tranmere,True,False
Stockport,False,False
Walsall,False,False
Mansfield,False,False
Wrexham,False,False
Notts County,False,False
AFC Wimbledon,False,False
Crawley Town,False,False
Gillingham,False,False
Stockport,False,False
Milton Keynes Dons,False,False
Wrexham,False,False
Walsall,True,False
Morecambe,False,False
Accrington,False,False
Crawley Town,False,False
Doncaster,False,False
AFC Wimbledon,False,False
Forest Green,False,False
Tranmere,False,False
Gillingham,False,False
Wrexham,False,False
Harrogate,False,False
Walsall,True,False
Mansfield,True,False
Salford,False,False
Milton Keynes Dons,True,False
Newport County,False,False
Morecambe,False,False
Grimsby,False,False
Notts County,False,False
Crewe,True,False
Stockport,False,False
Swindon,False,False
Sutton,False,False
Colchester,False,False
Forest Green,False,False
Wrexham,False,False
Harrogate,False,False
Newport County,True,False
Notts County,False,False
Sutton,False,False
Salford,False,False
Colchester,False,False
Swindon,True,False
Tranmere,False,False
Walsall,False,False
Accrington,False,False
AFC Wimbledon,False,False
Milton Keynes Dons,False,False
Crewe,False,False
Morecambe,False,False
Grimsby,False,False
Forest Green,False,False
Newport County,False,False
Mansfield,False,False
Salford,False,False
Gillingham,True,False
Swindon,False,False
Harrogate,False,False
Tranmere,False,False
Sutton,False,False
Walsall,True,False
Doncaster,False,False
Wrexham,True,False
Accrington,False,False
AFC Wimbledon,False,False
Grimsby,False,False
Barrow,True,False
Gillingham,False,False
Bradford,False,False
Doncaster,False,False
Mansfield,False,False
Milton Keynes Dons,False,False
Morecambe,False,False
Crawley Town,False,False
Accrington,False,False
Bradford,True,False
Barrow,True,False
Colchester,False,False
Doncaster,True,False
Crewe,False,False
Forest Green,True,False
Walsall,False,False
Gillingham,False,False
Tranmere,False,False
Harrogate,False,False
Crawley Town,False,False
Mansfield,False,False
Swindon,False,False
Milton Keynes Dons,True,False
Salford,False,False
Morecambe,False,False
Wrexham,True,False
Notts County,False,False
AFC Wimbledon,True,False
Stockport,False,False
Newport County,False,False
Sutton,False,False
Grimsby,False,False
AFC Wimbledon,True,False
Gillingham,False,False
Bradford,False,False
Forest Green,True,False
Crawley Town,False,False
Notts County,False,False
Crewe,False,False
Sutton,False,False
Grimsby,False,False
Milton Keynes Dons,False,False
Newport County,True,False
Morecambe,False,False
Swindon,False,False
Accrington,False,False
Tranmere,False,False
Mansfield,False,False
Walsall,False,False
Barrow,False,False
Wrexham,False,False
Harrogate,False,False
Salford,False,False
Stockport,False,False
Accrington,False,False
Notts County,False,False
AFC Wimbledon,False,False
Newport County,True,False
Barrow,False,False
Harrogate,False,False
Bradford,False,False
Mansfield,True,False
Colchester,False,False
Walsall,False,False
Forest Green,False,False
Sutton,False,False
Gillingham,False,False
Grimsby,False,False
Milton Keynes Dons,True,False
Crewe,False,False
Swindon,False,False
Doncaster,False,False
Wrexham,False,False
Tranmere,False,False
Salford,True,False
Morecambe,False,False
Crawley Town,False,False
Stockport,False,False
Bradford,False,False
Notts County,True,False
Mansfield,False,False
Colchester,False,False
Harrogate,True,False
Bradford,False,False
Barrow,False,False
Newport County,False,False
Crewe,False,False
AFC Wimbledon,False,False
Doncaster,True,False
Forest Green,False,False
Grimsby,False,False
Wrexham,True,False
Morecambe,False,False
Gillingham,False,False
Notts County,False,False
Salford,False,False
Sutton,True,False
Accrington,False,False
Tranmere,False,False
Crawley Town,True,False
Stockport,True,False
Milton Keynes Dons,False,False
Accrington,False,False
Morecambe,False,False
AFC Wimbledon,False,False
Harrogate,False,False
Barrow,True,False
Grimsby,False,False
Bradford,True,False
Tranmere,False,False
Colchester,False,False
Newport County,False,False
Crawley Town,False,False
Doncaster,True,False
Forest Green,False,False
Stockport,True,False
Gillingham,False,False
Crewe,False,False
Milton Keynes Dons,True,False
Walsall,False,False
Salford,False,False
Sutton,False,False
Swindon,False,False
Notts County,False,False
Wrexham,True,False
Mansfield,False,False
Grimsby,False,False
Bradford,False,False
Crewe,False,False
Forest Green,True,False
Harrogate,True,False
Gillingham,False,False
Morecambe,False,False
Barrow,False,False
Newport County,False,False
Crawley Town,True,False
Notts County,False,False
Milton Keynes Dons,False,False
Stockport,False,False
AFC Wimbledon,False,False
Sutton,True,False
Swindon,False,False
Tranmere,False,False
Colchester,False,False
Walsall,False,False
Salford,False,False
Doncaster,False,False
Wrexham,False,False
Accrington,False,False
Crewe,False,False
AFC Wimbledon,False,False
Salford,False,False
Barrow,False,False
Swindon,True,False
Bradford,False,False
Gillingham,False,False
Colchester,False,False
Wrexham,False,False
Forest Green,False,False
Milton Keynes Dons,True,False
Grimsby,False,False
Newport County,False,False
Mansfield,False,False
Crawley Town,True,False
Morecambe,False,False
Doncaster,True,False
Notts County,True,False
Harrogate,False,False
Sutton,False,False
Stockport,True,False
Tranmere,False,False
Walsall,True,False
Colchester,False,False
Stockport,False,False
Doncaster,False,False
Walsall,False,False
Harrogate,False,False
Grimsby,False,False
Mansfield,False,False
Forest Green,False,False
Morecambe,False,False
Crewe,False,False
Newport County,False,False
Accrington,True,False
Wrexham,True,False
Crawley Town,False,False
Crawley Town,False,False
Colchester,False,False
Crewe,False,False
Grimsby,True,False
Doncaster,True,False
Accrington,False,False
Gillingham,True,False
Barrow,False,False
Harrogate,False,False
Sutton,False,False
Milton Keynes Dons,False,False
Mansfield,True,False
Newport County,False,False
Tranmere,False,False
Salford,False,False
Bradford,False,False
Stockport,True,False
Morecambe,False,False
Swindon,False,False
AFC Wimbledon,False,False
Walsall,False,False
Notts County,True,False
Wrexham,True,False
Forest Green,False,False
Colchester,True,False
Grimsby,False,False
Crawley Town,False,False
Barrow,False,False
Mansfield,False,False
Accrington,False,False
Notts County,False,False
Stockport,True,False
Walsall,False,False
Swindon,False,False
Crewe,False,False
Wrexham,True,False
Doncaster,True,False
Barrow,False,False
Grimsby,True,False
Swindon,False,False
Harrogate,False,False
Milton Keynes Dons,True,False
Mansfield,False,False
Gillingham,False,False
Morecambe,False,False
Forest Green,False,False
Newport County,False,False
Salford,False,False
Notts County,False,False
Colchester,False,False
Stockport,True,False
Accrington,False,False
Sutton,False,False
Crawley Town,False,False
Tranmere,False,False
AFC Wimbledon,False,False
Walsall,False,False
Bradford,False,False
Barrow,False,False
Bradford,False,False
Colchester,False,False
Doncaster,True,False
Accrington,True,False
Tranmere,False,False
AFC Wimbledon,True,False
Walsall,False,False
Barrow,False,False
Mansfield,False,False
Bradford,True,False
Newport County,False,False
Colchester,False,False
Crewe,False,False
Crawley Town,True,False
Grimsby,False,False
Forest Green,False,False
Notts County,False,False
Gillingham,False,False
Doncaster,False,False
Milton Keynes Dons,False,False
Sutton,False,False
Salford,False,False
Harrogate,False,False
Swindon,False,False
Morecambe,False,False
Wrexham,False,False
Stockport,False,False
Werder Bremen,False,False
Bayern Munich,True,False
Augsburg,False,False
M'gladbach,False,False
Hoffenheim,False,False
Freiburg,False,False
Leverkusen,False,False
RB Leipzig,False,False
Stuttgart,True,False
Bochum,False,False
Wolfsburg,True,False
Heidenheim,False,False
Dortmund,False,False
FC Koln,False,False
Union Berlin,True,False
Mainz,False,False
Ein Frankfurt,False,False
Darmstadt,False,False
RB Leipzig,True,False
Stuttgart,False,False
Bochum,False,False
Dortmund,False,False
Darmstadt,False,False
Union Berlin,True,False
FC Koln,False,False
Wolfsburg,False,False
Freiburg,False,False
Werder Bremen,False,False
Heidenheim,False,False
Hoffenheim,False,False
M'gladbach,False,False
Leverkusen,True,False
Mainz,False,False
Ein Frankfurt,False,False
Bayern Munich,True,False
Augsburg,False,False
Dortmund,False,False
Heidenheim,False,False
Augsburg,False,False
Bochum,False,False
Hoffenheim,True,False
Wolfsburg,False,False
Leverkusen,True,False
Darmstadt,False,False
Stuttgart,True,False
Freiburg,False,False
Werder Bremen,True,False
Mainz,False,False
M'gladbach,False,False
Bayern Munich,False,False
Ein Frankfurt,False,False
FC Koln,False,False
Union Berlin,False,False
RB Leipzig,True,False
Bayern Munich,False,False
Leverkusen,False,False
FC Koln,False,False
Hoffenheim,True,False
Freiburg,False,False
Dortmund,True,False
Mainz,False,False
Stuttgart,True,False
RB Leipzig,True,False
Augsburg,False,False
Wolfsburg,False,False
Union Berlin,False,False
Bochum,False,False
Ein Frankfurt,False,False
Heidenheim,True,False
Werder Bremen,False,False
Darmstadt,False,False
M'gladbach,False,False
Stuttgart,True,False
Darmstadt,False,False
Augsburg,False,False
Mainz,False,False
Bayern Munich,True,False
Bochum,False,False
Dortmund,False,False
Wolfsburg,False,False
M'gladbach,False,False
RB Leipzig,False,False
Union Berlin,False,False
Hoffenheim,True,False
Werder Bremen,False,False
FC Koln,False,False
Leverkusen,True,False
Heidenheim,False,False
Ein Frankfurt,False,False
Freiburg,False,False
Hoffenheim,False,False
Dortmund,True,False
Bochum,False,False
M'gladbach,True,False
FC Koln,False,False
Stuttgart,True,False
Heidenheim,False,False
Union Berlin,False,False
Mainz,False,False
Leverkusen,True,False
Wolfsburg,True,False
Ein Frankfurt,False,False
RB Leipzig,False,False
Bayern Munich,False,False
Darmstadt,True,False
Werder Bremen,False,False
Freiburg,True,False
Augsburg,False,False
M'gladbach,False,False
Mainz,False,False
Augsburg,False,False
Darmstadt,False,False
Dortmund,True,False
Union Berlin,False,False
RB Leipzig,False,False
Bochum,False,False
Stuttgart,True,False
Wolfsburg,False,False
Werder Bremen,False,False
Hoffenheim,False,False
Leverkusen,True,False
FC Koln,False,False
Bayern Munich,True,False
Freiburg,False,False
Ein Frankfurt,True,False
Heidenheim,False,False
Dortmund,False,False
Werder Bremen,False,False
Darmstadt,False,False
RB Leipzig,True,False
Freiburg,False,False
Bochum,False,False
Hoffenheim,False,False
Ein Frankfurt,True,False
Union Berlin,False,False
Stuttgart,True,False
Wolfsburg,False,False
Leverkusen,False,False
Mainz,False,False
Bayern Munich,True,False
FC Koln,True,False
M'gladbach,False,False
Heidenheim,False,False
Augsburg,True,False
Bochum,False,False
Mainz,False,False
Augsburg,False,False
Wolfsburg,False,False
Bayern Munich,True,False
Darmstadt,False,False
M'gladbach,False,False
Heidenheim,False,False
Stuttgart,False,False
Hoffenheim,False,False
Werder Bremen,True,False
Union Berlin,False,False
RB Leipzig,True,False
FC Koln,False,False
Ein Frankfurt,False,False
Dortmund,False,False
Leverkusen,False,False
Freiburg,False,False
Darmstadt,False,False
Bochum,False,False
FC Koln,False,False
Augsburg,False,False
Freiburg,False,False
M'gladbach,False,False
Hoffenheim,False,False
Leverkusen,False,False
Mainz,True,False
RB Leipzig,False,False
Union Berlin,False,False
Ein Frankfurt,True,False
Dortmund,False,False
Bayern Munich,True,False
Wolfsburg,False,False
Werder Bremen,False,False
Heidenheim,True,False
Stuttgart,False,False
M'gladbach,True,False
Wolfsburg,False,False
Augsburg,False,False
Hoffenheim,False,False
Bayern Munich,True,False
Heidenheim,False,False
Darmstadt,False,False
Mainz,False,False
Stuttgart,False,False
Dortmund,False,False
Bochum,False,False
FC Koln,False,False
Leverkusen,True,False
Union Berlin,False,False
Werder Bremen,False,False
Ein Frankfurt,False,False
RB Leipzig,True,False
Freiburg,False,False
FC Koln,False,False
Bayern Munich,False,False
Dortmund,True,False
M'gladbach,False,False
Freiburg,False,False
Darmstadt,False,False
Union Berlin,False,False
Augsburg,False,False
Werder Bremen,False,False
Leverkusen,True,False
Wolfsburg,False,False
RB Leipzig,False,False
Ein Frankfurt,False,False
Stuttgart,False,False
Heidenheim,False,False
Bochum,False,False
Hoffenheim,False,False
Mainz,False,False
Darmstadt,False,False
FC Koln,False,False
Bochum,True,False
Wolfsburg,False,False
M'gladbach,False,False
Hoffenheim,False,False
RB Leipzig,False,False
Heidenheim,False,False
Stuttgart,True,False
Werder Bremen,False,False
Mainz,False,False
Freiburg,False,False
Leverkusen,False,False
Dortmund,False,False
Augsburg,False,False
Ein Frankfurt,False,False
Hoffenheim,True,False
Bochum,False,False
Ein Frankfurt,True,False
Bayern Munich,False,False
Heidenheim,False,False
Darmstadt,False,False
Union Berlin,True,False
M'gladbach,False,False
Werder Bremen,True,False
Augsburg,False,False
Wolfsburg,False,False
Freiburg,False,False
Dortmund,False,False
RB Leipzig,False,False
Stuttgart,False,False
Leverkusen,False,False
FC Koln,False,False
Mainz,False,False
M'gladbach,False,False
Werder Bremen,False,False
Augsburg,False,False
Dortmund,False,False
Bochum,True,False
Union Berlin,False,False
Darmstadt,False,False
Wolfsburg,False,False
Mainz,False,False
Heidenheim,False,False
RB Leipzig,True,False
Hoffenheim,False,False
Freiburg,True,False
FC Koln,False,False
Leverkusen,True,False
Ein Frankfurt,False,False
Bayern Munich,True,False
Stuttgart,False,False
Werder Bremen,False,False
RB Leipzig,False,False
Dortmund,False,False
Mainz,False,False
Hoffenheim,False,False
Darmstadt,False,False
Union Berlin,True,False
FC Koln,False,False
Ein Frankfurt,False,False
M'gladbach,False,False
Heidenheim,False,False
Freiburg,False,False
Leverkusen,True,False
Bochum,False,False
Stuttgart,True,False
Augsburg,False,False
Wolfsburg,False,False
Bayern Munich,False,False
Bayern Munich,True,False
Hoffenheim,False,False
Augsburg,False,False
Leverkusen,False,False
FC Koln,False,False
Heidenheim,False,False
Freiburg,False,False
Union Berlin,False,False
Mainz,False,False
Wolfsburg,False,False
RB Leipzig,False,False
Ein Frankfurt,False,False
Darmstadt,False,False
Dortmund,True,False
Bochum,False,False
Werder Bremen,False,False
M'gladbach,True,False
Stuttgart,False,False
Bochum,False,False
Stuttgart,False,False
Darmstadt,False,False
Ein Frankfurt,False,False
FC Koln,False,False
Dortmund,True,False
Freiburg,False,False
Hoffenheim,False,False
Heidenheim,False,False
Wolfsburg,False,False
RB Leipzig,False,False
Leverkusen,False,False
Bayern Munich,False,False
Werder Bremen,False,False
M'gladbach,False,False
Augsburg,False,False
Bayern Munich,False,False
Union Berlin,False,False
Ein Frankfurt,False,False
Mainz,False,False
Augsburg,False,False
Bayern Munich,False,False
Hoffenheim,False,False
Heidenheim,False,False
Stuttgart,True,False
RB Leipzig,False,False
Werder Bremen,True,False
Freiburg,False,False
Wolfsburg,False,False
FC Koln,False,False
Leverkusen,False,False
M'gladbach,False,False
Union Berlin,False,False
Darmstadt,False,False
Dortmund,True,False
Bochum,False,False
Heidenheim,False,False
Dortmund,False,False
Bayern Munich,True,False
M'gladbach,False,False
Bochum,False,False
Augsburg,False,False
Darmstadt,False,False
Leverkusen,True,False
Freiburg,False,False
Stuttgart,True,False
Mainz,False,False
Werder Bremen,False,False
FC Koln,True,False
Ein Frankfurt,False,False
Wolfsburg,False,False
Hoffenheim,False,False
RB Leipzig,True,False
Union Berlin,False,False
Mainz,False,False
Union Berlin,False,False
Dortmund,True,False
Freiburg,False,False
Augsburg,False,False
RB Leipzig,False,False
Ein Frankfurt,False,False
Bochum,False,False
M'gladbach,False,False
Darmstadt,False,False
Union Berlin,False,False
Wolfsburg,False,False
Werder Bremen,False,False
Heidenheim,False,False
Leverkusen,True,False
Bayern Munich,False,False
Stuttgart,True,False
Mainz,False,False
Hoffenheim,False,False
FC Koln,False,False
FC Koln,False,False
Werder Bremen,False,False
Darmstadt,False,False
Stuttgart,False,False
Heidenheim,False,False
Leverkusen,False,False
Hoffenheim,False,False
Union Berlin,False,False
Mainz,False,False
Augsburg,False,False
Wolfsburg,False,False
Dortmund,False,False
RB Leipzig,True,False
M'gladbach,False,False
Freiburg,False,False
Ein Frankfurt,False,False
Bochum,False,False
Bayern Munich,False,False
Leverkusen,False,False
Mainz,False,False
M'gladbach,True,False
Bochum,False,False
Stuttgart,False,False
FC Koln,False,False
Union Berlin,False,False
Heidenheim,False,False
Werder Bremen,False,False
Darmstadt,False,False
Bayern Munich,False,False
RB Leipzig,False,False
Ein Frankfurt,False,False
Wolfsburg,False,False
Dortmund,False,False
Hoffenheim,False,False
Augsburg,False,False
Freiburg,False,False
Freiburg,False,False
Bayern Munich,False,False
Bochum,False,False
RB Leipzig,True,False
Darmstadt,False,False
Augsburg,True,False
Heidenheim,False,False
Ein Frankfurt,False,False
Mainz,False,False
M'gladbach,False,False
Union Berlin,False,False
Dortmund,True,False
Wolfsburg,False,False
Stuttgart,False,False
FC Koln,False,False
Leverkusen,True,False
Hoffenheim,False,False
Werder Bremen,False,False
Stuttgart,True,False
Union Berlin,False,False
Augsburg,False,False
Heidenheim,False,False
Bayern Munich,True,False
Mainz,False,False
M'gladbach,False,False
FC Koln,False,False
RB Leipzig,True,False
Darmstadt,False,False
Werder Bremen,False,False
Dortmund,False,False
Bochum,False,False
Freiburg,False,False
Ein Frankfurt,True,False
Hoffenheim,False,False
Leverkusen,True,False
Wolfsburg,False,False
FC Koln,False,False
RB Leipzig,True,False
Darmstadt,False,False
Bayern Munich,True,False
Heidenheim,False,False
M'gladbach,False,False
Mainz,True,False
Bochum,False,False
Union Berlin,False,False
Werder Bremen,False,False
Wolfsburg,False,False
Augsburg,True,False
Hoffenheim,False,False
Stuttgart,True,False
Freiburg,False,False
Leverkusen,False,False
Dortmund,True,False
Ein Frankfurt,False,False
Ein Frankfurt,False,False
Union Berlin,False,False
Leverkusen,False,False
Hoffenheim,False,False
M'gladbach,False,False
Freiburg,True,False
RB Leipzig,False,False
Mainz,False,False
Werder Bremen,False,False
Wolfsburg,True,False
Bayern Munich,False,False
Dortmund,True,False
Augsburg,False,False
FC Koln,False,False
Stuttgart,False,False
Heidenheim,False,False
Bochum,False,False
Darmstadt,False,False
Ein Frankfurt,False,False
Werder Bremen,False,False
FC Koln,False,False
Bochum,False,False
Freiburg,False,False
RB Leipzig,True,False
Heidenheim,False,False
Bayern Munich,False,False
Mainz,True,False
Darmstadt,False,False
Union Berlin,False,False
Leverkusen,False,False
Dortmund,False,False
Stuttgart,False,False
Hoffenheim,True,False
Augsburg,False,False
Wolfsburg,False,False
M'gladbach,True,False
Augsburg,True,False
Union Berlin,False,False
Bayern Munich,True,False
FC Koln,False,False
Bochum,False,False
Heidenheim,False,False
Mainz,True,False
Hoffenheim,False,False
M'gladbach,False,False
Dortmund,False,False
RB Leipzig,True,False
Wolfsburg,False,False
Stuttgart,True,False
Ein Frankfurt,False,False
Darmstadt,False,False
Freiburg,False,False
Leverkusen,True,False
Werder Bremen,False,False
Ein Frankfurt,True,False
Augsburg,False,False
FC Koln,False,False
Darmstadt,True,False
Heidenheim,False,False
RB Leipzig,False,False
Hoffenheim,False,False
M'gladbach,False,False
Wolfsburg,False,False
Bochum,False,False
Union Berlin,False,False
Bayern Munich,True,False
Werder Bremen,False,False
Stuttgart,False,False
Dortmund,False,False
Leverkusen,False,False
Freiburg,False,False
Mainz,False,False
Bochum,False,False
Hoffenheim,False,False
Augsburg,False,False
Werder Bremen,True,False
Bayern Munich,False,False
Ein Frankfurt,False,False
Freiburg,False,False
Wolfsburg,False,False
RB Leipzig,True,False
Dortmund,False,False
Leverkusen,False,False
Stuttgart,False,False
M'gladbach,False,False
Union Berlin,False,False
Mainz,False,False
FC Koln,False,False
Darmstadt,False,False
Heidenheim,False,False
Hoffenheim,False,False
RB Leipzig,False,False
Dortmund,True,False
Augsburg,False,False
Stuttgart,True,False
Bayern Munich,False,False
Werder Bremen,False,False
M'gladbach,False,False
Wolfsburg,True,False
Darmstadt,False,False
FC Koln,False,False
Freiburg,False,False
Union Berlin,False,False
Bochum,False,False
Ein Frankfurt,False,False
Leverkusen,True,False
Heidenheim,False,False
Mainz,False,False
Augsburg,False,False
Stuttgart,False,False
FC Koln,False,False
Union Berlin,False,False
Freiburg,False,False
Heidenheim,False,False
M'gladbach,False,False
Ein Frankfurt,False,False
RB Leipzig,False,False
Werder Bremen,False,False
Mainz,True,False
Dortmund,False,False
Darmstadt,False,False
Hoffenheim,True,False
Bayern Munich,True,False
Wolfsburg,False,False
Bochum,False,False
Leverkusen,True,False
Dortmund,True,False
Darmstadt,False,False
Ein Frankfurt,False,False
RB Leipzig,False,False
Heidenheim,True,False
FC Koln,False,False
Hoffenheim,True,False
Bayern Munich,False,False
Leverkusen,False,False
Augsburg,False,False
Stuttgart,True,False
M'gladbach,False,False
Union Berlin,False,False
Freiburg,False,False
Werder Bremen,True,False
Bochum,False,False
Wolfsburg,False,False
Mainz,True,False
Hamburg,True,False
Schalke 04,False,False
Hannover,False,False
Elversberg,False,False
Kaiserslautern,False,False
St Pauli,False,False
Osnabruck,False,False
Karlsruhe,False,False
Wehen,False,False
Magdeburg,False,False
Fortuna Dusseldorf,False,False
Hertha,False,False
Braunschweig,False,False
Holstein Kiel,False,False
Greuther Furth,True,False
Paderborn,False,False
Hansa Rostock,True,False
Nurnberg,False,False
Hertha,False,False
Wehen,False,False
Paderborn,False,False
Osnabruck,False,False
Elversberg,False,False
Hansa Rostock,False,False
Holstein Kiel,False,False
Greuther Furth,False,False
St Pauli,False,False
Fortuna Dusseldorf,False,False
Schalke 04,True,False
Kaiserslautern,False,False
Karlsruhe,False,False
Hamburg,False,False
Magdeburg,False,False
Braunschweig,False,False
Nurnberg,False,False
Hannover,False,False
Kaiserslautern,False,False
Elversberg,False,False
Wehen,False,False
Karlsruhe,False,False
Fortuna Dusseldorf,False,False
Paderborn,False,False
Greuther Furth,False,False
St Pauli,False,False
Hansa Rostock,False,False
Hannover,False,False
Hamburg,True,False
Hertha,False,False
Braunschweig,False,False
Schalke 04,False,False
Holstein Kiel,False,False
Magdeburg,True,False
Osnabruck,False,False
Nurnberg,False,False
Paderborn,False,False
Kaiserslautern,False,False
Schalke 04,False,False
Holstein Kiel,True,False
Elversberg,False,False
Fortuna Dusseldorf,True,False
Hansa Rostock,False,False
Osnabruck,False,False
Hertha,True,False
Greuther Furth,False,False
Hannover,False,False
Hamburg,False,False
Karlsruhe,True,False
Braunschweig,False,False
Nurnberg,False,False
Wehen,False,False
St Pauli,False,False
Magdeburg,False,False
Braunschweig,False,False
St Pauli,False,False
Fortuna Dusseldorf,True,False
Karlsruhe,False,False
Holstein Kiel,False,False
Paderborn,False,False
Magdeburg,True,False
Hertha,False,False
Wehen,False,False
Schalke 04,False,False
Kaiserslautern,True,False
Nurnberg,False,False
Greuther Furth,False,False
Hannover,True,False
Hamburg,True,False
Hansa Rostock,False,False
Osnabruck,False,False
Elversberg,False,False
Nurnberg,False,False
Greuther Furth,False,False
Paderborn,False,False
Wehen,False,False
Elversberg,False,False
Hamburg,False,False
Hansa Rostock,False,False
Fortuna Dusseldorf,True,False
Karlsruhe,False,False
Kaiserslautern,False,False
Schalke 04,False,False
Magdeburg,False,False
Hannover,True,False
Osnabruck,False,False
Hertha,True,False
Braunschweig,False,False
St Pauli,True,False
Holstein Kiel,False,False
Magdeburg,False,False
Paderborn,False,False
Osnabruck,False,False
Hamburg,False,False
Braunschweig,False,False
Nurnberg,False,False
Greuther Furth,False,False
Karlsruhe,False,False
Wehen,False,False
Elversberg,True,False
St Pauli,True,False
Schalke 04,False,False
Fortuna Dusseldorf,False,False
Hannover,False,False
Holstein Kiel,False,False
Hertha,False,False
Kaiserslautern,True,False
Hansa Rostock,False,False
Hamburg,False,False
Fortuna Dusseldorf,False,False
Paderborn,True,False
Schalke 04,False,False
Hannover,True,False
Wehen,False,False
Hansa Rostock,False,False
Braunschweig,False,False
Karlsruhe,False,False
Holstein Kiel,True,False
Hertha,False,False
St Pauli,False,False
Elversberg,False,False
Greuther Furth,False,False
Nurnberg,False,False
Magdeburg,False,False
Osnabruck,False,False
Kaiserslautern,False,False
Fortuna Dusseldorf,False,False
Osnabruck,False,False
Kaiserslautern,True,False
Hannover,False,False
Greuther Furth,False,False
Hansa Rostock,False,False
Magdeburg,False,False
Karlsruhe,False,False
Wehen,False,False
Hamburg,False,False
St Pauli,True,False
Nurnberg,False,False
Braunschweig,False,False
Paderborn,True,False
Holstein Kiel,False,False
Elversberg,False,False
Schalke 04,False,False
Hertha,False,False
Elversberg,True,False
Braunschweig,False,False
Hannover,False,False
Magdeburg,False,False
Hamburg,True,False
Greuther Furth,False,False
Osnabruck,False,False
Wehen,True,False
Paderborn,False,False
St Pauli,False,False
Fortuna Dusseldorf,False,False
Kaiserslautern,False,False
Hansa Rostock,False,False
Holstein Kiel,True,False
Karlsruhe,True,False
Schalke 04,False,False
Nurnberg,True,False
Hertha,False,False
Braunschweig,False,False
Fortuna Dusseldorf,True,False
Greuther Furth,True,False
Osnabruck,False,False
Hertha,True,False
Paderborn,False,False
Schalke 04,False,False
Hannover,False,False
St Pauli,False,False
Karlsruhe,False,False
Kaiserslautern,False,False
Hamburg,False,False
Holstein Kiel,False,False
Nurnberg,True,False
Magdeburg,False,False
Elversberg,False,False
Wehen,False,False
Hansa Rostock,False,False
Elversberg,False,False
St Pauli,True,False
Fortuna Dusseldorf,False,False
Wehen,True,False
Kaiserslautern,False,False
Greuther Furth,True,False
Nurnberg,False,False
Schalke 04,False,False
Osnabruck,False,False
Holstein Kiel,False,False
Hamburg,True,False
Magdeburg,False,False
Hannover,True,False
Braunschweig,False,False
Hansa Rostock,False,False
Hertha,False,False
Karlsruhe,False,False
Paderborn,True,False
Schalke 04,False,False
Elversberg,False,False
St Pauli,False,False
Hannover,False,False
Braunschweig,False,False
Osnabruck,False,False
Holstein Kiel,True,False
Hamburg,False,False
Paderborn,False,False
Nurnberg,True,False
Hertha,False,False
Karlsruhe,False,False
Greuther Furth,False,False
Fortuna Dusseldorf,False,False
Magdeburg,False,False
Hansa Rostock,False,False
Wehen,False,False
Kaiserslautern,False,False
Hamburg,False,False
Braunschweig,False,False
Hannover,False,False
Hertha,False,False
Elversberg,True,False
Paderborn,False,False
Hansa Rostock,False,False
St Pauli,False,False
Osnabruck,False,False
Magdeburg,True,False
Fortuna Dusseldorf,True,False
Schalke 04,False,False
Greuther Furth,True,False
Wehen,False,False
Kaiserslautern,False,False
Holstein Kiel,True,False
Karlsruhe,True,False
Nurnberg,False,False
Schalke 04,True,False
Osnabruck,False,False
St Pauli,False,False
Hamburg,False,False
Braunschweig,False,False
Greuther Furth,False,False
Holstein Kiel,False,False
Wehen,False,False
Nurnberg,False,False
Fortuna Dusseldorf,True,False
Magdeburg,True,False
Kaiserslautern,False,False
Hertha,True,False
Elversberg,False,False
Karlsruhe,False,False
Hansa Rostock,False,False
Paderborn,False,False
Hannover,False,False
Hannover,False,False
Karlsruhe,False,False
Wehen,False,False
Braunschweig,True,False
Greuther Furth,False,False
Magdeburg,False,False
Hamburg,False,False
Paderborn,False,False
Kaiserslautern,False,False
Hertha,False,False
Osnabruck,False,False
St Pauli,False,False
Elversberg,False,False
Nurnberg,False,False
Fortuna Dusseldorf,False,False
Holstein Kiel,False,False
Hansa Rostock,False,False
Schalke 04,True,False
Paderborn,True,False
Hansa Rostock,False,False
Schalke 04,False,False
Greuther Furth,False,False
Hertha,False,False
Osnabruck,False,False
Magdeburg,False,False
Fortuna Dusseldorf,False,False
Nurnberg,False,False
Hamburg,True,False
Holstein Kiel,True,False
Hannover,False,False
Braunschweig,False,False
Kaiserslautern,False,False
Karlsruhe,False,False
Elversberg,False,False
St Pauli,False,False
Wehen,False,False
Holstein Kiel,False,False
Braunschweig,False,False
Karlsruhe,False,False
Osnabruck,False,False
Elversberg,False,False
Hannover,False,False
Nurnberg,True,False
Hansa Rostock,False,False
St Pauli,True,False
Kaiserslautern,False,False
Schalke 04,False,False
Hamburg,True,False
Hertha,False,False
Fortuna Dusseldorf,False,False
Magdeburg,False,False
Wehen,False,False
Paderborn,False,False
Greuther Furth,False,False
Hannover,True,False
Nurnberg,False,False
Kaiserslautern,True,False
Schalke 04,False,False
Hansa Rostock,False,False
Elversberg,False,False
Osnabruck,False,False
Paderborn,False,False
Wehen,True,False
Hertha,False,False
Fortuna Dusseldorf,False,False
St Pauli,False,False
Braunschweig,False,False
Magdeburg,False,False
Greuther Furth,False,False
Holstein Kiel,False,False
Hamburg,False,False
Karlsruhe,False,False
Karlsruhe,False,False
Wehen,False,False
Magdeburg,False,False
Holstein Kiel,False,False
Nurnberg,False,False
Osnabruck,False,False
Schalke 04,False,False
Braunschweig,False,False
St Pauli,False,False
Greuther Furth,False,False
Hertha,False,False
Hamburg,False,False
Elversberg,False,False
Kaiserslautern,False,False
Hannover,False,False
Hansa Rostock,False,False
Paderborn,False,False
Fortuna Dusseldorf,False,False
Hamburg,False,False
Hannover,False,False
Wehen,False,False
Nurnberg,False,False
Braunschweig,True,False
Karlsruhe,False,False
Fortuna Dusseldorf,False,False
Elversberg,False,False
Magdeburg,False,False
St Pauli,False,False
Kaiserslautern,False,False
Paderborn,False,False
Greuther Furth,False,False
Hertha,False,False
Holstein Kiel,False,False
Schalke 04,False,False
Osnabruck,False,False
Hansa Rostock,False,False
Hannover,False,False
Greuther Furth,False,False
Hertha,False,False
Magdeburg,False,False
Hansa Rostock,False,False
Hamburg,False,False
Paderborn,False,False
Holstein Kiel,True,False
Schalke 04,False,False
Wehen,False,False
Karlsruhe,False,False
Fortuna Dusseldorf,False,False
Elversberg,True,False
Osnabruck,False,False
Nurnberg,False,False
Kaiserslautern,False,False
St Pauli,False,False
Braunschweig,False,False
Holstein Kiel,False,False
St Pauli,False,False
Wehen,False,False
Paderborn,False,False
Braunschweig,False,False
Hertha,False,False
Kaiserslautern,False,False
Karlsruhe,True,False
Osnabruck,False,False
Hannover,False,False
Magdeburg,True,False
Schalke 04,False,False
Fortuna Dusseldorf,True,False
Hansa Rostock,False,False
Greuther Furth,False,False
Nurnberg,False,False
Hamburg,False,False
Elversberg,False,False
Hertha,False,False
Holstein Kiel,False,False
Schalke 04,True,False
St Pauli,False,False
Hannover,False,False
Fortuna Dusseldorf,False,False
Hansa Rostock,False,False
Kaiserslautern,True,False
Nurnberg,False,False
Braunschweig,False,False
Karlsruhe,True,False
Greuther Furth,False,False
Elversberg,False,False
Wehen,True,False
Hamburg,False,False
Osnabruck,False,False
Paderborn,False,False
Magdeburg,False,False
Braunschweig,False,False
Hansa Rostock,False,False
Fortuna Dusseldorf,True,False
Hamburg,False,False
Holstein Kiel,False,False
Karlsruhe,False,False
Schalke 04,False,False
Paderborn,False,False
Wehen,False,False
Hannover,False,False
Magdeburg,False,False
Nurnberg,False,False
Greuther Furth,False,False
Elversberg,True,False
Kaiserslautern,False,False
Osnabruck,False,False
St Pauli,True,False
Hertha,False,False
Osnabruck,False,False
Fortuna Dusseldorf,True,False
Paderborn,False,False
Braunschweig,False,False
Elversberg,False,False
Holstein Kiel,True,False
Hansa Rostock,False,False
Greuther Furth,False,False
Nurnberg,False,False
St Pauli,True,False
Hannover,False,False
Kaiserslautern,False,False
Hamburg,True,False
Wehen,False,False
Hertha,True,False
Schalke 04,False,False
Karlsruhe,True,False
Magdeburg,False,False
Braunschweig,True,False
Elversberg,False,False
Holstein Kiel,True,False
Hansa Rostock,False,False
Kaiserslautern,False,False
Fortuna Dusseldorf,True,False
Hertha,False,False
Nurnberg,False,False
Greuther Furth,False,False
Hamburg,False,False
Magdeburg,False,False
Hannover,True,False
Schalke 04,False,False
Karlsruhe,False,False
St Pauli,False,False
Paderborn,False,False
Wehen,False,False
Osnabruck,False,False
Hansa Rostock,True,False
Wehen,False,False
Paderborn,False,False
Hertha,False,False
Elversberg,False,False
Magdeburg,False,False
Hamburg,False,False
Kaiserslautern,False,False
Nurnberg,False,False
Holstein Kiel,True,False
Karlsruhe,False,False
St Pauli,False,False
Fortuna Dusseldorf,True,False
Braunschweig,False,False
Hannover,False,False
Schalke 04,False,False
Osnabruck,True,False
Greuther Furth,False,False
Greuther Furth,False,False
Kaiserslautern,False,False
Hertha,True,False
Hansa Rostock,False,False
Holstein Kiel,True,False
Osnabruck,False,False
Paderborn,False,False
Karlsruhe,False,False
Wehen,False,False
Fortuna Dusseldorf,True,False
Schalke 04,True,False
Nurnberg,False,False
Braunschweig,False,False
Hannover,False,False
Magdeburg,False,False
Hamburg,False,False
St Pauli,False,False
Elversberg,False,False
Elversberg,False,False
Schalke 04,False,False
Nurnberg,False,False
Paderborn,True,False
Fortuna Dusseldorf,False,False
Greuther Furth,False,False
Kaiserslautern,False,False
Wehen,False,False
Osnabruck,False,False
Braunschweig,True,False
Hamburg,False,False
Holstein Kiel,False,False
Hannover,False,False
St Pauli,False,False
Hansa Rostock,False,False
Magdeburg,True,False
Karlsruhe,False,False
Hertha,False,False
Hertha,False,False
Hannover,False,False
St Pauli,False,False
Hansa Rostock,False,False
Braunschweig,False,False
Hamburg,True,False
Holstein Kiel,False,False
Kaiserslautern,True,False
Paderborn,True,False
Elversberg,False,False
Schalke 04,False,False
Fortuna Dusseldorf,False,False
Magdeburg,False,False
Osnabruck,False,False
Nurnberg,False,False
Karlsruhe,False,False
Wehen,False,False
Greuther Furth,True,False
Fortuna Dusseldorf,True,False
Nurnberg,False,False
Hamburg,False,False
St Pauli,False,False
Greuther Furth,False,False
Braunschweig,False,False
Hansa Rostock,False,False
Karlsruhe,False,False
Kaiserslautern,True,False
Magdeburg,False,False
Elversberg,True,False
Hertha,False,False
Hannover,False,False
Paderborn,False,False
Wehen,False,False
Holstein Kiel,False,False
Osnabruck,False,False
Schalke 04,True,False
Magdeburg,False,False
Greuther Furth,False,False
Paderborn,False,False
Hamburg,False,False
Hertha,True,False
Kaiserslautern,False,False
Nurnberg,True,False
Elversberg,False,False
Schalke 04,False,False
Hansa Rostock,False,False
Holstein Kiel,False,False
Fortuna Dusseldorf,False,False
Braunschweig,False,False
Wehen,False,False
Karlsruhe,False,False
Hannover,False,False
St Pauli,True,False
Osnabruck,False,False
Elversberg,False,False
Karlsruhe,True,False
Fortuna Dusseldorf,False,False
Magdeburg,False,False
Greuther Furth,True,False
Schalke 04,False,False
Hamburg,True,False
Nurnberg,False,False
Hannover,False,False
Holstein Kiel,False,False
Hansa Rostock,False,False
Paderborn,False,False
Kaiserslautern,True,False
Braunschweig,False,False
Osnabruck,False,False
Hertha,False,False
Wehen,False,False
St Pauli,False,False
Almeria,False,False
Vallecano,True,False
Sevilla,False,False
Valencia,False,False
Sociedad,False,False
Girona,False,False
Las Palmas,False,False
Mallorca,False,False
Ath Bilbao,False,False
Real Madrid,True,False
Celta,False,False
Osasuna,True,False
Villarreal,False,False
Betis,False,False
Getafe,False,False
Barcelona,False,False
Cadiz,False,False
Alaves,False,False
Ath Madrid,True,False
Granada,False,False
Mallorca,False,False
Villarreal,False,False
Valencia,False,False
Las Palmas,False,False
Sociedad,False,False
Celta,False,False
Almeria,False,False
Real Madrid,True,False
Osasuna,False,False
Ath Bilbao,True,False
Girona,True,False
Getafe,False,False
Barcelona,True,False
Cadiz,False,False
Betis,False,False
Ath Madrid,False,False
Alaves,False,False
Sevilla,False,False
Granada,False,False
Vallecano,True,False
Las Palmas,False,False
Sociedad,False,False
Celta,False,False
Real Madrid,False,False
Cadiz,False,False
Almeria,False,False
Granada,False,False
Mallorca,False,False
Sevilla,False,False
Girona,False,False
Villarreal,False,False
Barcelona,False,False
Valencia,False,False
Osasuna,False,False
Ath Bilbao,True,False
Betis,False,False
Getafe,False,False
Alaves,False,False
Vallecano,False,False
Ath Madrid,True,False
Cadiz,True,False
Villarreal,False,False
Almeria,False,False
Celta,False,False
Sociedad,True,False
Granada,False,False
Real Madrid,False,False
Getafe,False,False
Alaves,False,False
Valencia,False,False
Betis,False,False
Vallecano,False,False
Girona,False,False
Las Palmas,False,False
Mallorca,False,False
Ath Bilbao,False,False
Osasuna,False,False
Barcelona,False,False
Vallecano,True,False
Alaves,False,False
Ath Bilbao,True,False
Cadiz,False,False
Valencia,True,False
Ath Madrid,False,False
Celta,False,False
Mallorca,False,False
Barcelona,True,False
Betis,False,False
Getafe,False,False
Osasuna,False,False
Villarreal,False,False
Almeria,False,False
Sevilla,False,False
Las Palmas,False,False
Real Madrid,False,False
Sociedad,False,False
Granada,False,False
Girona,True,False
Alaves,False,False
Ath Bilbao,True,False
Girona,True,False
Mallorca,False,False
Osasuna,False,False
Sevilla,False,False
Barcelona,False,False
Celta,False,False
Almeria,False,False
Valencia,False,False
Sociedad,False,False
Getafe,False,False
Vallecano,False,False
Villarreal,False,False
Betis,False,False
Cadiz,False,False
Las Palmas,False,False
Granada,False,False
Ath Madrid,True,False
Real Madrid,False,False
Sevilla,True,False
Almeria,False,False
Mallorca,False,False
Barcelona,False,False
Ath Bilbao,False,False
Getafe,False,False
Real Madrid,True,False
Las Palmas,False,False
Villarreal,False,False
Girona,False,False
Cadiz,False,False
Vallecano,False,False
Valencia,False,False
Sociedad,False,False
Celta,False,False
Alaves,False,False
Granada,False,False
Betis,False,False
Osasuna,False,False
Ath Madrid,True,False
Barcelona,False,False
Sevilla,False,False
Getafe,False,False
Villarreal,False,False
Vallecano,False,False
Mallorca,False,False
Girona,False,False
Real Madrid,True,False
Sociedad,True,False
Ath Bilbao,False,False
Almeria,False,False
Granada,False,False
Alaves,False,False
Osasuna,True,False
Ath Madrid,False,False
Cadiz,False,False
Betis,True,False
Valencia,False,False
Las Palmas,False,False
Celta,False,False
Ath Bilbao,True,False
Almeria,False,False
Cadiz,False,False
Girona,False,False
Real Madrid,True,False
Osasuna,False,False
Mallorca,False,False
Valencia,False,False
Sevilla,False,False
Vallecano,False,False
Villarreal,False,False
Las Palmas,False,False
Ath Madrid,False,False
Sociedad,False,False
Alaves,False,False
Betis,False,False
Celta,False,False
Getafe,False,False
Granada,False,False
Barcelona,False,False
Osasuna,True,False
Granada,False,False
Sociedad,False,False
Mallorca,False,False
Getafe,False,False
Betis,False,False
Sevilla,False,False
Real Madrid,False,False
Celta,False,False
Ath Madrid,True,False
Las Palmas,False,False
Vallecano,False,False
Girona,True,False
Almeria,False,False
Villarreal,False,False
Alaves,False,False
Barcelona,False,False
Ath Bilbao,False,False
Valencia,True,False
Cadiz,False,False
Girona,False,False
Celta,False,False
Almeria,False,False
Las Palmas,False,False
Barcelona,False,False
Real Madrid,False,False
Mallorca,False,False
Getafe,False,False
Cadiz,False,False
Sevilla,False,False
Betis,False,False
Osasuna,False,False
Vallecano,False,False
Sociedad,False,False
Ath Bilbao,False,False
Valencia,False,False
Ath Madrid,False,False
Alaves,False,False
Granada,False,False
Villarreal,False,False
Las Palmas,False,False
Ath Madrid,False,False
Osasuna,False,False
Girona,True,False
Betis,True,False
Mallorca,False,False
Celta,False,False
Sevilla,False,False
Sociedad,False,False
Barcelona,False,False
Alaves,False,False
Almeria,False,False
Valencia,False,False
Granada,False,False
Villarreal,False,False
Ath Bilbao,False,False
Real Madrid,False,False
Vallecano,False,False
Getafe,False,False
Cadiz,False,False
Ath Bilbao,False,False
Celta,False,False
Vallecano,False,False
Girona,False,False
Almeria,False,False
Sociedad,True,False
Granada,False,False
Getafe,False,False
Osasuna,False,False
Las Palmas,False,False
Real Madrid,True,False
Valencia,False,False
Barcelona,False,False
Alaves,False,False
Sevilla,False,False
Betis,False,False
Ath Madrid,True,False
Villarreal,False,False
Alaves,True,False
Granada,False,False
Vallecano,False,False
Barcelona,False,False
Valencia,False,False
Celta,False,False
Getafe,False,False
Almeria,False,False
Ath Madrid,False,False
Mallorca,False,False
Villarreal,True,False
Osasuna,False,False
Sociedad,False,False
Sevilla,False,False
Cadiz,False,False
Real Madrid,True,False
Betis,False,False
Las Palmas,False,False
Girona,False,False
Ath Bilbao,False,False
Mallorca,False,False
Cadiz,False,False
Las Palmas,True,False
Getafe,False,False
Girona,False,False
Valencia,False,False
Ath Bilbao,True,False
Vallecano,False,False
Real Madrid,True,False
Granada,False,False
Osasuna,False,False
Sociedad,False,False
Mallorca,False,False
Alaves,False,False
Almeria,False,False
Betis,False,False
Sevilla,False,False
Villarreal,False,False
Barcelona,False,False
Ath Madrid,False,False
Celta,False,False
Cadiz,False,False
Getafe,False,False
Valencia,False,False
Alaves,False,False
Las Palmas,False,False
Betis,False,False
Real Madrid,False,False
Villarreal,False,False
Sociedad,True,False
Mallorca,False,False
Sevilla,False,False
Ath Madrid,False,False
Almeria,False,False
Cadiz,False,False
Osasuna,False,False
Barcelona,False,False
Girona,True,False
Granada,False,False
Ath Bilbao,False,False
Vallecano,False,False
Celta,False,False
Osasuna,False,False
Vallecano,False,False
Celta,False,False
Granada,False,False
Ath Bilbao,True,False
Ath Madrid,False,False
Sevilla,False,False
Getafe,True,False
Valencia,False,False
Barcelona,False,False
Almeria,False,False
Mallorca,False,False
Sociedad,False,False
Betis,False,False
Las Palmas,False,False
Cadiz,False,False
Real Madrid,True,False
Villarreal,False,False
Girona,True,False
Alaves,False,False
Vallecano,False,False
Valencia,False,False
Ath Madrid,False,False
Getafe,False,False
Granada,False,False
Sevilla,True,False
Barcelona,False,False
Almeria,False,False
Ath Bilbao,False,False
Las Palmas,False,False
Villarreal,False,False
Celta,False,False
Betis,False,False
Girona,False,False
Cadiz,False,False
Sociedad,False,False
Alaves,False,False
Real Madrid,False,False
Mallorca,False,False
Osasuna,False,False
Ath Madrid,False,False
Sevilla,False,False
Getafe,False,False
Vallecano,True,False
Sociedad,False,False
Alaves,False,False
Valencia,True,False
Villarreal,False,False
Granada,True,False
Cadiz,False,False
Celta,False,False
Betis,False,False
Real Madrid,False,False
Mallorca,False,False
Girona,False,False
Ath Madrid,False,False
Osasuna,False,False
Almeria,False,False
Sevilla,False,False
Ath Bilbao,True,False
Las Palmas,False,False
Barcelona,False,False
Sevilla,False,False
Alaves,False,False
Las Palmas,True,False
Villarreal,False,False
Mallorca,False,False
Celta,False,False
Ath Bilbao,False,False
Sociedad,False,False
Betis,False,False
Granada,False,False
Almeria,False,False
Girona,False,False
Cadiz,False,False
Valencia,True,False
Alaves,False,False
Cadiz,False,False
Vallecano,False,False
Las Palmas,True,False
Villarreal,False,False
Mallorca,False,False
Valencia,False,False
Ath Bilbao,False,False
Celta,False,False
Sociedad,False,False
Osasuna,False,False
Getafe,False,False
Real Madrid,False,False
Almeria,False,False
Betis,False,False
Barcelona,True,False
Girona,True,False
Sevilla,False,False
Granada,False,False
Ath Madrid,False,False
Almeria,False,False
Alaves,True,False
Sociedad,False,False
Vallecano,False,False
Las Palmas,False,False
Real Madrid,False,False
Barcelona,False,False
Villarreal,True,False
Mallorca,False,False
Betis,False,False
Celta,False,False
Girona,False,False
Cadiz,False,False
Ath Bilbao,False,False
Sevilla,False,False
Osasuna,False,False
Ath Madrid,True,False
Valencia,False,False
Getafe,True,False
Granada,False,False
Barcelona,False,False
Osasuna,False,False
Ath Madrid,False,False
Vallecano,False,False
Getafe,False,False
Real Madrid,True,False
Ath Bilbao,True,False
Mallorca,False,False
Valencia,False,False
Almeria,False,False
Granada,False,False
Las Palmas,False,False
Alaves,False,False
Barcelona,True,False
Girona,False,False
Sociedad,False,False
Villarreal,False,False
Cadiz,False,False
Osasuna,False,False
Celta,True,False
Betis,False,False
Getafe,False,False
Real Madrid,False,False
Ath Madrid,False,False
Vallecano,False,False
Sevilla,False,False
Cadiz,False,False
Betis,True,False
Alaves,False,False
Villarreal,False,False
Sociedad,False,False
Osasuna,False,False
Real Madrid,True,False
Girona,False,False
Las Palmas,True,False
Valencia,False,False
Getafe,False,False
Celta,False,False
Mallorca,False,False
Vallecano,False,False
Sevilla,False,False
Ath Madrid,False,False
Barcelona,False,False
Granada,False,False
Almeria,False,False
Ath Bilbao,False,False
Villarreal,False,False
Getafe,False,False
Ath Madrid,True,False
Las Palmas,False,False
Osasuna,True,False
Cadiz,False,False
Celta,False,False
Barcelona,False,False
Valencia,False,False
Sevilla,False,False
Vallecano,False,False
Real Madrid,False,False
Granada,False,False
Almeria,False,False
Mallorca,False,False
Sociedad,False,False
Betis,False,False
Alaves,False,False
Ath Bilbao,False,False
Girona,False,False
Sociedad,False,False
Villarreal,True,False
Barcelona,True,False
Getafe,False,False
Alaves,False,False
Mallorca,False,False
Almeria,False,False
Ath Madrid,False,False
Cadiz,False,False
Celta,False,False
Betis,True,False
Ath Bilbao,False,False
Las Palmas,False,False
Osasuna,False,False
Real Madrid,False,False
Sevilla,False,False
Girona,True,False
Vallecano,False,False
Celta,False,False
Almeria,False,False
Sevilla,False,False
Sociedad,False,False
Vallecano,False,False
Cadiz,False,False
Getafe,False,False
Las Palmas,False,False
Valencia,False,False
Real Madrid,False,False
Villarreal,True,False
Granada,False,False
Ath Madrid,False,False
Betis,False,False
Mallorca,False,False
Girona,False,False
Ath Bilbao,False,False
Barcelona,False,False
Osasuna,False,False
Alaves,False,False
Barcelona,False,False
Mallorca,False,False
Valencia,False,False
Getafe,False,False
Cadiz,True,False
Ath Madrid,False,False
Granada,False,False
Sociedad,False,False
Girona,True,False
Osasuna,False,False
Alaves,False,False
Vallecano,False,False
Las Palmas,False,False
Ath Bilbao,True,False
Real Madrid,True,False
Celta,False,False
Betis,False,False
Villarreal,False,False
Almeria,False,False
Sevilla,False,False
Sociedad,True,False
Cadiz,False,False
Mallorca,False,False
Granada,False,False
Osasuna,False,False
Real Madrid,True,False
Getafe,False,False
Girona,False,False
Ath Bilbao,True,False
Alaves,False,False
Sevilla,False,False
Celta,False,False
Las Palmas,False,False
Almeria,False,False
Villarreal,False,False
Valencia,False,False
Vallecano,True,False
Betis,False,False
Ath Madrid,False,False
Barcelona,True,False
Cadiz,False,False
Granada,False,False
Getafe,False,False
Sevilla,False,False
Almeria,False,False
Osasuna,True,False
Valencia,False,False
Mallorca,False,False
Barcelona,False,False
Las Palmas,False,False
Celta,False,False
Vallecano,False,False
Girona,False,False
Betis,False,False
Alaves,False,False
Sociedad,False,False
Real Madrid,True,False
Ath Bilbao,False,False
Villarreal,False,False
Ath Madrid,False,False
Granada,False,False
Valencia,False,False
Betis,False,False
Celta,False,False
Ath Madrid,True,False
Girona,False,False
Vallecano,False,False
Getafe,False,False
Mallorca,False,False
Real Madrid,False,False
Cadiz,False,False
Barcelona,False,False
Las Palmas,False,False
Sevilla,True,False
Granada,True,False
Alaves,False,False
Ath Bilbao,False,False
Villarreal,False,False
Sociedad,False,False
Almeria,False,False
Osasuna,False,False
Valencia,False,False
Ath Bilbao,False,False
Granada,False,False
Celta,True,False
Las Palmas,False,False
Vallecano,False,False
Osasuna,False,False
Valencia,False,False
Betis,False,False
Girona,True,False
Cadiz,False,False
Getafe,False,False
Sociedad,False,False
Almeria,False,False
Villarreal,False,False
Alaves,True,False
Ath Madrid,False,False
Real Madrid,False,False
Barcelona,False,False
Sevilla,False,False
Mallorca,False,False
Sociedad,False,False
Real Madrid,False,False
Las Palmas,False,False
Girona,True,False
Almeria,False,False
Getafe,True,False
Alaves,True,False
Celta,False,False
Ath Madrid,True,False
Ath Bilbao,False,False
Cadiz,False,False
Mallorca,False,False
Granada,True,False
Osasuna,False,False
Villarreal,True,False
Vallecano,False,False
Betis,False,False
Sevilla,False,False
Barcelona,True,False
Valencia,False,False
Getafe,False,False
Ath Bilbao,True,False
Sociedad,True,False
Las Palmas,False,False
Real Madrid,True,False
Cadiz,False,False
Girona,True,False
Barcelona,False,False
Mallorca,False,False
Ath Madrid,False,False
Osasuna,False,False
Betis,True,False
Celta,False,False
Villarreal,False,False
Valencia,False,False
Alaves,False,False
Sevilla,True,False
Granada,False,False
Vallecano,False,False
Almeria,False,False
Alaves,False,False
Girona,False,False
Mallorca,False,False
Las Palmas,False,False
Villarreal,False,False
Sevilla,False,False
Granada,False,False
Real Madrid,True,False
Ath Bilbao,False,False
Osasuna,False,False
Cadiz,False,False
Getafe,False,False
Ath Madrid,False,False
Celta,False,False
Valencia,False,False
Vallecano,False,False
Betis,False,False
Almeria,False,False
Barcelona,True,False
Sociedad,False,False
Osasuna,False,False
Mallorca,False,False
Real Madrid,True,False
Alaves,False,False
Girona,False,False
Villarreal,False,False
Sevilla,False,False
Cadiz,False,False
Vallecano,False,False
Granada,False,False
Celta,False,False
Ath Bilbao,False,False
Getafe,False,False
Ath Madrid,True,False
Las Palmas,False,False
Betis,False,False
Almeria,False,False
Barcelona,True,False
Sociedad,False,False
Valencia,False,False
Alaves,False,False
Getafe,False,False
Ath Bilbao,True,False
Sevilla,False,False
Ath Madrid,False,False
Osasuna,True,False
Barcelona,True,False
Vallecano,False,False
Betis,False,False
Sociedad,True,False
Cadiz,False,False
Las Palmas,False,False
Granada,False,False
Celta,False,False
Mallorca,False,False
Almeria,False,False
Valencia,False,False
Girona,True,False
Villarreal,False,False
Real Madrid,False,False
Girona,True,False
Granada,False,False
Osasuna,False,False
Villarreal,False,False
Sociedad,False,False
Ath Madrid,True,False
Almeria,True,False
Cadiz,False,False
Vallecano,False,False
Ath Bilbao,False,False
Real Madrid,False,False
Betis,False,False
Getafe,False,False
Mallorca,False,False
Celta,False,False
Valencia,False,False
Las Palmas,False,False
Alaves,False,False
Sevilla,False,False
Barcelona,False,False
Empoli,False,False
Verona,False,False
Frosinone,False,False
Napoli,True,False
Genoa,False,False
Fiorentina,True,False
Inter,True,False
Monza,False,False
Roma,False,False
Salernitana,False,False
Sassuolo,False,False
Atalanta,True,False
Lecce,False,False
Lazio,False,False
Udinese,False,False
Juventus,True,False
Torino,False,False
Cagliari,False,False
Bologna,False,False
Milan,True,False
Frosinone,False,False
Atalanta,False,False
Monza,True,False
Empoli,False,False
Milan,True,False
Torino,False,False
Verona,False,False
Roma,False,False
Fiorentina,False,False
Lecce,False,False
Juventus,False,False
Bologna,False,False
Lazio,False,False
Genoa,False,False
Napoli,True,False
Sassuolo,False,False
Salernitana,False,False
Udinese,False,False
Cagliari,False,False
Inter,True,False
Sassuolo,True,False
Verona,False,False
Roma,False,False
Milan,False,False
Bologna,False,False
Cagliari,False,False
Udinese,False,False
Frosinone,False,False
Atalanta,True,False
Monza,False,False
Napoli,False,False
Lazio,False,False
Inter,True,False
Fiorentina,False,False
Torino,False,False
Genoa,False,False
Empoli,False,False
Juventus,True,False
Lecce,True,False
Salernitana,False,False
Juventus,True,False
Lazio,False,False
Inter,True,False
Milan,False,False
Genoa,False,False
Napoli,False,False
Cagliari,False,False
Udinese,False,False
Frosinone,True,False
Sassuolo,False,False
Monza,False,False
Lecce,False,False
Fiorentina,False,False
Atalanta,False,False
Roma,True,False
Empoli,False,False
Salernitana,False,False
Torino,True,False
Verona,False,False
Bologna,False,False
Salernitana,False,False
Frosinone,False,False
Lecce,False,False
Genoa,False,False
Milan,False,False
Verona,False,False
Sassuolo,True,False
Juventus,False,False
Lazio,False,False
Monza,False,False
Empoli,False,False
Inter,False,False
Atalanta,True,False
Cagliari,False,False
Udinese,False,False
Fiorentina,True,False
Bologna,False,False
Napoli,False,False
Torino,False,False
Roma,False,False
Juventus,False,False
Lecce,False,False
Cagliari,False,False
Milan,True,False
Empoli,False,False
Salernitana,False,False
Verona,False,False
Atalanta,False,False
Inter,False,False
Sassuolo,False,False
Lazio,True,False
Torino,False,False
Napoli,True,False
Udinese,False,False
Frosinone,False,False
Fiorentina,False,False
Monza,False,False
Bologna,False,False
Genoa,True,False
Roma,False,False
Lecce,False,False
Napoli,True,False
Milan,True,False
Lazio,False,False
Salernitana,False,False
Inter,True,False
Bologna,True,False
Empoli,False,False
Udinese,False,False
Genoa,False,False
Atalanta,False,False
Juventus,False,False
Roma,True,False
Frosinone,False,False
Sassuolo,False,False
Monza,False,False
Torino,False,False
Verona,False,False
Fiorentina,True,False
Cagliari,False,False
Empoli,False,False
Udinese,False,False
Lecce,False,False
Sassuolo,False,False
Inter,False,False
Bologna,False,False
Juventus,True,False
Torino,False,False
Genoa,False,False
Milan,False,False
Monza,True,False
Salernitana,False,False
Frosinone,False,False
Verona,False,False
Lazio,False,False
Atalanta,False,False
Cagliari,False,False
Roma,True,False
Napoli,False,False
Fiorentina,True,False
Verona,False,False
Napoli,True,False
Torino,False,False
Inter,True,False
Sassuolo,False,False
Lazio,True,False
Roma,False,False
Monza,False,False
Bologna,False,False
Frosinone,False,False
Salernitana,False,False
Cagliari,False,False
Atalanta,True,False
Genoa,False,False
Milan,False,False
Juventus,False,False
Udinese,False,False
Lecce,False,False
Fiorentina,False,False
Empoli,True,False
Genoa,False,False
Salernitana,False,False
Sassuolo,False,False
Bologna,False,False
Lecce,False,False
Torino,False,False
Juventus,False,False
Verona,False,False
Cagliari,False,False
Frosinone,False,False
Monza,False,False
Udinese,False,False
Inter,False,False
Roma,False,False
Napoli,False,False
Milan,False,False
Empoli,False,False
Atalanta,True,False
Lazio,False,False
Fiorentina,False,False
Bologna,False,False
Lazio,False,False
Salernitana,False,False
Napoli,True,False
Atalanta,False,False
Inter,False,False
Milan,False,False
Udinese,False,False
Verona,False,False
Monza,True,False
Cagliari,False,False
Genoa,False,False
Roma,False,False
Lecce,False,False
Fiorentina,False,False
Juventus,False,False
Frosinone,False,False
Empoli,False,False
Torino,False,False
Sassuolo,False,False
Sassuolo,False,False
Salernitana,False,False
Genoa,False,False
Verona,False,False
Lecce,False,False
Milan,False,False
Juventus,False,False
Cagliari,False,False
Monza,False,False
Torino,False,False
Napoli,False,False
Empoli,False,False
Fiorentina,False,False
Bologna,False,False
Udinese,False,False
Atalanta,False,False
Lazio,False,False
Roma,False,False
Inter,True,False
Frosinone,False,False
Salernitana,False,False
Lazio,False,False
Atalanta,False,False
Napoli,False,False
Milan,False,False
Fiorentina,False,False
Cagliari,False,False
Monza,False,False
Empoli,False,False
Sassuolo,False,False
Frosinone,False,False
Genoa,False,False
Roma,True,False
Udinese,False,False
Juventus,False,False
Inter,False,False
Verona,False,False
Lecce,False,False
Bologna,True,False
Torino,False,False
Monza,False,False
Juventus,False,False
Genoa,False,False
Empoli,False,False
Lazio,False,False
Cagliari,False,False
Milan,True,False
Frosinone,False,False
Lecce,False,False
Bologna,False,False
Fiorentina,True,False
Salernitana,False,False
Udinese,False,False
Verona,False,False
Sassuolo,False,False
Roma,False,False
Napoli,False,False
Inter,True,False
Torino,True,False
Atalanta,False,False
Juventus,False,False
Napoli,False,False
Verona,False,False
Lazio,False,False
Atalanta,False,False
Milan,False,False
Inter,True,False
Udinese,False,False
Frosinone,False,False
Torino,False,False
Monza,False,False
Genoa,False,False
Salernitana,False,False
Bologna,False,False
Roma,False,False
Fiorentina,False,False
Empoli,False,False
Lecce,False,False
Cagliari,False,False
Sassuolo,False,False
Genoa,False,False
Juventus,False,False
Lecce,False,False
Frosinone,False,False
Napoli,False,False
Cagliari,False,False
Torino,False,False
Empoli,False,False
Milan,True,False
Monza,False,False
Fiorentina,False,False
Verona,False,False
Udinese,False,False
Sassuolo,False,False
Bologna,True,False
Roma,False,False
Lazio,False,False
Inter,True,False
Atalanta,True,False
Salernitana,False,False
Empoli,False,False
Lazio,True,False
Sassuolo,False,False
Genoa,False,False
Monza,False,False
Fiorentina,False,False
Salernitana,False,False
Milan,False,False
Frosinone,False,False
Juventus,False,False
Bologna,False,False
Atalanta,False,False
Torino,False,False
Udinese,False,False
Inter,True,False
Lecce,False,False
Verona,True,False
Cagliari,False,False
Roma,True,False
Napoli,False,False
Fiorentina,False,False
Torino,False,False
Napoli,False,False
Monza,False,False
Genoa,False,False
Inter,False,False
Lazio,True,False
Frosinone,False,False
Atalanta,False,False
Lecce,False,False
Cagliari,False,False
Empoli,False,False
Udinese,True,False
Bologna,False,False
Milan,False,False
Sassuolo,False,False
Verona,False,False
Salernitana,False,False
Juventus,False,False
Roma,False,False
Bologna,False,False
Genoa,False,False
Inter,False,False
Verona,False,False
Frosinone,False,False
Monza,False,False
Lecce,False,False
Cagliari,False,False
Sassuolo,False,False
Fiorentina,False,False
Empoli,False,False
Milan,True,False
Torino,True,False
Napoli,False,False
Udinese,False,False
Lazio,False,False
Salernitana,False,False
Juventus,False,False
Roma,False,False
Atalanta,False,False
Genoa,False,False
Torino,False,False
Napoli,False,False
Salernitana,False,False
Verona,False,False
Empoli,False,False
Monza,False,False
Inter,True,False
Lazio,False,False
Lecce,False,False
Cagliari,False,False
Bologna,False,False
Fiorentina,False,False
Udinese,False,False
Milan,True,False
Roma,False,False
Atalanta,True,False
Frosinone,False,False
Juventus,True,False
Sassuolo,False,False
Roma,False,False
Verona,False,False
Udinese,False,False
Milan,False,False
Frosinone,True,False
Cagliari,False,False
Empoli,True,False
Monza,False,False
Salernitana,False,False
Genoa,False,False
Lecce,False,False
Juventus,True,False
Cagliari,False,False
Torino,False,False
Atalanta,True,False
Udinese,False,False
Juventus,False,False
Empoli,False,False
Milan,False,False
Bologna,False,False
Genoa,False,False
Lecce,False,False
Monza,False,False
Sassuolo,False,False
Verona,False,False
Frosinone,False,False
Lazio,False,False
Napoli,False,False
Fiorentina,False,False
Inter,False,False
Salernitana,False,False
Roma,False,False
Lecce,False,False
Fiorentina,False,False
Empoli,False,False
Genoa,False,False
Udinese,False,False
Monza,False,False
Frosinone,False,False
Milan,False,False
Bologna,True,False
Sassuolo,False,False
Torino,False,False
Salernitana,False,False
Napoli,False,False
Verona,False,False
Atalanta,True,False
Lazio,False,False
Inter,False,False
Juventus,False,False
Roma,True,False
Cagliari,False,False
Salernitana,False,False
Empoli,True,False
Cagliari,False,False
Lazio,True,False
Roma,False,False
Inter,True,False
Sassuolo,False,False
Torino,False,False
Fiorentina,True,False
Frosinone,False,False
Bologna,True,False
Lecce,False,False
Monza,False,False
Verona,False,False
Genoa,False,False
Atalanta,True,False
Milan,False,False
Napoli,False,False
Juventus,False,False
Udinese,False,False
Bologna,True,False
Fiorentina,False,False
Torino,True,False
Lecce,False,False
Inter,True,False
Salernitana,False,False
Napoli,False,False
Genoa,False,False
Verona,False,False
Juventus,False,False
Atalanta,True,False
Sassuolo,False,False
Lazio,False,False
Bologna,False,False
Empoli,False,False
Fiorentina,False,False
Udinese,False,False
Cagliari,False,False
Frosinone,False,False
Roma,True,False
Monza,True,False
Milan,False,False
Torino,False,False
Lazio,True,False
Bologna,True,False
Verona,False,False
Sassuolo,False,False
Empoli,False,False
Salernitana,False,False
Monza,True,False
Genoa,True,False
Udinese,False,False
Juventus,False,False
Frosinone,False,False
Cagliari,False,False
Napoli,False,False
Lecce,False,False
Inter,True,False
Milan,False,False
Atalanta,False,False
Roma,False,False
Torino,False,False
Fiorentina,False,False
Lazio,False,False
Sassuolo,False,False
Napoli,True,False
Inter,True,False
Atalanta,False,False
Lazio,False,False
Milan,False,False
Udinese,False,False
Salernitana,False,False
Monza,False,False
Roma,True,False
Torino,False,False
Fiorentina,False,False
Verona,False,False
Sassuolo,False,False
Empoli,False,False
Cagliari,False,False
Frosinone,False,False
Lecce,False,False
Atalanta,False,False
Bologna,False,False
Napoli,False,False
Juventus,False,False
Inter,False,False
Genoa,False,False
Napoli,False,False
Torino,False,False
Cagliari,True,False
Salernitana,False,False
Sassuolo,False,False
Frosinone,False,False
Bologna,False,False
Inter,False,False
Genoa,False,False
Monza,False,False
Lecce,False,False
Verona,False,False
Milan,False,False
Empoli,False,False
Juventus,False,False
Atalanta,False,False
Fiorentina,False,False
Roma,False,False
Lazio,False,False
Udinese,False,False
Empoli,False,False
Bologna,False,False
Monza,False,False
Cagliari,False,False
Udinese,False,False
Torino,True,False
Salernitana,False,False
Lecce,False,False
Frosinone,False,False
Lazio,False,False
Juventus,False,False
Genoa,False,False
Verona,False,False
Milan,True,False
Roma,False,False
Sassuolo,False,False
Inter,False,False
Napoli,False,False
Napoli,False,False
Atalanta,True,False
Genoa,False,False
Frosinone,False,False
Torino,False,False
Monza,False,False
Lazio,False,False
Juventus,False,False
Fiorentina,False,False
Milan,False,False
Bologna,True,False
Salernitana,False,False
Cagliari,False,False
Verona,False,False
Sassuolo,False,False
Udinese,False,False
Lecce,False,False
Roma,False,False
Inter,True,False
Empoli,False,False
Salernitana,False,False
Sassuolo,False,False
Milan,True,False
Lecce,False,False
Roma,False,False
Lazio,False,False
Empoli,False,False
Torino,False,False
Frosinone,False,False
Bologna,False,False
Monza,False,False
Napoli,True,False
Cagliari,False,False
Atalanta,False,False
Verona,False,False
Genoa,False,False
Juventus,False,False
Fiorentina,False,False
Udinese,False,False
Inter,False,False
Lazio,True,False
Salernitana,False,False
Lecce,False,False
Empoli,False,False
Torino,False,False
Juventus,False,False
Bologna,False,False
Monza,False,False
Napoli,False,False
Frosinone,False,False
Sassuolo,False,False
Milan,False,False
Inter,False,False
Cagliari,False,False
Fiorentina,False,False
Genoa,False,False
Atalanta,False,False
Verona,False,False
Genoa,False,False
Lazio,False,False
Cagliari,False,False
Juventus,False,False
Empoli,False,False
Napoli,False,False
Verona,False,False
Udinese,False,False
Sassuolo,False,False
Lecce,True,False
Torino,False,False
Frosinone,False,False
Salernitana,False,False
Fiorentina,True,False
Monza,False,False
Atalanta,False,False
Roma,False,False
Bologna,True,False
Milan,False,False
Inter,False,False
Udinese,False,False
Roma,False,False
Frosinone,True,False
Salernitana,False,False
Lecce,False,False
Monza,False,False
Juventus,False,False
Milan,False,False
Lazio,False,False
Verona,False,False
Inter,True,False
Torino,False,False
Bologna,False,False
Udinese,False,False
Atalanta,True,False
Empoli,False,False
Napoli,False,False
Roma,False,False
Fiorentina,True,False
Sassuolo,False,False
Genoa,True,False
Cagliari,False,False
Torino,False,False
Bologna,False,False
Monza,False,False
Lazio,False,False
Sassuolo,False,False
Inter,False,False
Cagliari,False,False
Lecce,False,False
Empoli,False,False
Frosinone,False,False
Verona,False,False
Fiorentina,False,False
Milan,False,False
Genoa,False,False
Roma,False,False
Juventus,False,False
Salernitana,False,False
Atalanta,False,False
Udinese,False,False
Napoli,False,False
Frosinone,False,False
Inter,True,False
Napoli,False,False
Bologna,True,False
Milan,True,False
Cagliari,False,False
Lazio,True,False
Empoli,False,False
Genoa,False,False
Sassuolo,False,False
Verona,False,False
Torino,False,False
Juventus,False,False
Salernitana,False,False
Atalanta,False,False
Roma,False,False
Lecce,False,False
Udinese,True,False
Fiorentina,False,False
Monza,False,False
Fiorentina,False,False
Napoli,False,False
Lecce,False,False
Atalanta,True,False
Torino,True,False
Milan,False,False
Sassuolo,False,False
Cagliari,True,False
Monza,False,False
Frosinone,False,False
Udinese,False,False
Empoli,False,False
Inter,False,False
Lazio,False,False
Roma,False,False
Genoa,False,False
Salernitana,False,False
Verona,False,False
Bologna,False,False
Juventus,False,False
Cagliari,False,False
Fiorentina,False,False
Genoa,True,False
Bologna,False,False
Juventus,True,False
Monza,False,False
Milan,False,False
Salernitana,False,False
Atalanta,True,False
Torino,False,False
Napoli,False,False
Lecce,False,False
Empoli,False,False
Roma,False,False
Frosinone,False,False
Udinese,False,False
Lazio,False,False
Sassuolo,False,False
Verona,False,False
Inter,False,False
Atalanta,False,False
Fiorentina,False,False
Nice,False,False
Lille,False,False
Marseille,False,False
Reims,False,False
Paris SG,False,False
Lorient,False,False
Brest,False,False
Lens,False,False
Clermont,False,False
Monaco,True,False
Montpellier,False,False
Le Havre,False,False
Nantes,False,False
Toulouse,False,False
Rennes,True,False
Metz,False,False
Strasbourg,False,False
Lyon,False,False
Metz,False,False
Marseille,False,False
Lyon,False,False
Montpellier,True,False
Toulouse,False,False
Paris SG,False,False
Lille,True,False
Nantes,False,False
Le Havre,False,False
Brest,False,False
Lorient,False,False
Nice,False,False
Reims,True,False
Clermont,False,False
Monaco,True,False
Strasbourg,False,False
Lens,False,False
Rennes,False,False
Nantes,False,False
Monaco,False,False
Marseille,True,False
Brest,False,False
Paris SG,True,False
Lens,False,False
Rennes,False,False
Le Havre,False,False
Clermont,False,False
Metz,False,False
Montpellier,False,False
Reims,True,False
Strasbourg,True,False
Toulouse,False,False
Lorient,True,False
Lille,False,False
Nice,False,False
Lyon,False,False
Nantes,False,False
Marseille,False,False
Brest,False,False
Rennes,False,False
Monaco,True,False
Lens,False,False
Toulouse,False,False
Clermont,False,False
Le Havre,True,False
Lorient,False,False
Lille,False,False
Montpellier,False,False
Metz,False,False
Reims,False,False
Nice,True,False
Strasbourg,False,False
Lyon,False,False
Paris SG,True,False
Paris SG,False,False
Nice,False,False
Rennes,False,False
Lille,False,False
Lens,False,False
Metz,False,False
Lorient,False,False
Monaco,False,False
Clermont,False,False
Nantes,False,False
Reims,False,False
Brest,False,False
Strasbourg,False,False
Montpellier,False,False
Marseille,False,False
Toulouse,False,False
Lyon,False,False
Le Havre,False,False
Monaco,False,False
Nice,False,False
Nantes,True,False
Lorient,False,False
Brest,False,False
Lyon,False,False
Metz,False,False
Strasbourg,False,False
Le Havre,False,False
Clermont,False,False
Lens,False,False
Toulouse,False,False
Montpellier,False,False
Rennes,False,False
Paris SG,True,False
Marseille,False,False
Lille,False,False
Reims,False,False
Strasbourg,False,False
Lens,False,False
Clermont,False,False
Paris SG,False,False
Monaco,False,False
Marseille,False,False
Reims,True,False
Lyon,False,False
Le Havre,False,False
Lille,True,False
Nice,False,False
Brest,False,False
Toulouse,True,False
Metz,False,False
Lorient,False,False
Montpellier,True,False
Rennes,True,False
Nantes,False,False
Strasbourg,False,False
Nantes,False,False
Metz,False,False
Nice,False,False
Reims,False,False
Monaco,True,False
Marseille,True,False
Le Havre,False,False
Brest,False,False
Toulouse,False,False
Lyon,False,False
Lorient,False,False
Lens,False,False
Lille,False,False
Rennes,False,False
Paris SG,True,False
Le Havre,False,False
Lens,False,False
Paris SG,True,False
Strasbourg,False,False
Nice,False,False
Marseille,False,False
Lorient,False,False
Rennes,False,False
Lille,False,False
Brest,False,False
Nantes,True,False
Montpellier,False,False
Toulouse,False,False
Reims,False,False
Monaco,False,False
Metz,False,False
Lyon,False,False
Clermont,False,False
Clermont,False,False
Nice,False,False
Reims,False,False
Lorient,False,False
Lens,True,False
Nantes,False,False
Brest,False,False
Paris SG,False,False
Lille,True,False
Monaco,False,False
Metz,False,False
Le Havre,False,False
Montpellier,True,False
Toulouse,False,False
Rennes,False,False
Strasbourg,False,False
Paris SG,True,False
Montpellier,False,False
Lorient,False,False
Lens,False,False
Marseille,False,False
Lille,False,False
Lyon,False,False
Metz,False,False
Nantes,False,False
Reims,False,False
Strasbourg,False,False
Clermont,False,False
Toulouse,False,False
Le Havre,False,False
Monaco,True,False
Brest,False,False
Nice,True,False
Rennes,False,False
Montpellier,False,False
Nice,False,False
Reims,False,False
Paris SG,True,False
Le Havre,False,False
Monaco,False,False
Clermont,False,False
Lorient,False,False
Lille,False,False
Toulouse,False,False
Metz,True,False
Nantes,False,False
Rennes,False,False
Lyon,False,False
Lens,False,False
Marseille,False,False
Paris SG,True,False
Monaco,False,False
Clermont,False,False
Lens,True,False
Strasbourg,False,False
Marseille,False,False
Nice,False,False
Toulouse,False,False
Lorient,False,False
Metz,False,False
Montpellier,False,False
Brest,True,False
Nantes,False,False
Le Havre,False,False
Rennes,True,False
Reims,False,False
Lyon,False,False
Lille,True,False
Montpellier,False,False
Clermont,False,False
Reims,False,False
Strasbourg,False,False
Lens,False,False
Lyon,False,False
Nantes,False,False
Nice,False,False
Le Havre,False,False
Paris SG,True,False
Brest,True,False
Clermont,False,False
Monaco,True,False
Montpellier,False,False
Toulouse,False,False
Lorient,False,False
Lille,True,False
Metz,False,False
Marseille,True,False
Rennes,False,False
Marseille,True,False
Lyon,False,False
Brest,False,False
Strasbourg,False,False
Montpellier,False,False
Lens,False,False
Rennes,False,False
Monaco,False,False
Paris SG,False,False
Nantes,False,False
Nice,False,False
Reims,False,False
Clermont,False,False
Lille,False,False
Metz,False,False
Brest,False,False
Strasbourg,False,False
Le Havre,False,False
Lyon,True,False
Toulouse,False,False
Lorient,False,False
Marseille,True,False
Monaco,False,False
Lyon,False,False
Le Havre,True,False
Nice,False,False
Lens,True,False
Reims,False,False
Nantes,False,False
Brest,True,False
Lorient,False,False
Strasbourg,False,False
Metz,False,False
Montpellier,False,False
Toulouse,False,False
Rennes,False,False
Marseille,False,False
Clermont,False,False
Lille,False,False
Paris SG,False,False
Brest,True,False
Lorient,False,False
Clermont,False,False
Rennes,True,False
Lyon,False,False
Nantes,False,False
Montpellier,False,False
Marseille,False,False
Nice,True,False
Lens,False,False
Paris SG,True,False
Metz,False,False
Reims,False,False
Le Havre,False,False
Strasbourg,False,False
Lille,False,False
Toulouse,False,False
Monaco,False,False
Marseille,False,False
Strasbourg,False,False
Monaco,False,False
Reims,True,False
Rennes,True,False
Nice,False,False
Lille,True,False
Lorient,False,False
Brest,True,False
Montpellier,False,False
Metz,False,False
Toulouse,False,False
Nantes,False,False
Clermont,False,False
Le Havre,True,False
Lyon,False,False
Lens,False,False
Paris SG,True,False
Lyon,False,False
Rennes,False,False
Nice,False,False
Metz,False,False
Marseille,False,False
Monaco,False,False
Montpellier,False,False
Lille,False,False
Clermont,False,False
Strasbourg,False,False
Lorient,False,False
Le Havre,False,False
Reims,False,False
Nantes,False,False
Toulouse,False,False
Lens,True,False
Paris SG,False,False
Brest,False,False
Strasbourg,False,False
Paris SG,False,False
Rennes,False,False
Montpellier,False,False
Nantes,False,False
Lens,False,False
Monaco,False,False
Le Havre,False,False
Lille,True,False
Clermont,False,False
Metz,False,False
Lorient,False,False
Reims,False,False
Toulouse,False,False
Brest,False,False
Nice,False,False
Lyon,False,False
Marseille,False,False
Marseille,False,False
Metz,False,False
Lens,True,False
Strasbourg,False,False
Paris SG,True,False
Lille,False,False
Le Havre,False,False
Rennes,False,False
Clermont,False,False
Brest,False,False
Lorient,True,False
Reims,False,False
Toulouse,False,False
Nantes,False,False
Montpellier,False,False
Lyon,False,False
Nice,False,False
Monaco,False,False
Lyon,False,False
Nice,False,False
Lille,True,False
Le Havre,False,False
Nantes,False,False
Paris SG,True,False
Strasbourg,False,False
Lorient,True,False
Monaco,False,False
Toulouse,False,False
Montpellier,True,False
Metz,False,False
Rennes,True,False
Clermont,False,False
Reims,False,False
Lens,False,False
Brest,False,False
Marseille,False,False
Metz,False,False
Lyon,False,False
Lorient,False,False
Nantes,False,False
Strasbourg,False,False
Brest,True,False
Lens,False,False
Monaco,False,False
Le Havre,False,False
Reims,False,False
Nice,False,False
Clermont,False,False
Toulouse,True,False
Lille,False,False
Paris SG,False,False
Rennes,False,False
Marseille,True,False
Montpellier,False,False
Monaco,False,False
Paris SG,False,False
Reims,False,False
Lille,False,False
Clermont,False,False
Marseille,True,False
Toulouse,False,False
Nice,False,False
Brest,False,False
Le Havre,False,False
Montpellier,False,False
Strasbourg,False,False
Nantes,False,False
Metz,True,False
Rennes,False,False
Lorient,False,False
Lyon,False,False
Lens,True,False
Nice,False,False
Montpellier,False,False
Lorient,False,False
Lyon,True,False
Lens,False,False
Brest,False,False
Paris SG,False,False
Reims,False,False
Le Havre,False,False
Toulouse,False,False
Metz,False,False
Clermont,False,False
Strasbourg,False,False
Monaco,False,False
Lille,False,False
Rennes,False,False
Marseille,True,False
Nantes,False,False
Toulouse,False,False
Lyon,False,False
Nantes,False,False
Strasbourg,True,False
Lens,False,False
Nice,True,False
Brest,False,False
Lille,False,False
Clermont,False,False
Le Havre,False,False
Monaco,False,False
Lorient,False,False
Reims,False,False
Metz,False,False
Rennes,True,False
Marseille,False,False
Montpellier,False,False
Paris SG,True,False
Lille,False,False
Lens,False,False
Metz,False,False
Monaco,True,False
Lyon,False,False
Reims,False,False
Lorient,False,False
Brest,False,False
Clermont,False,False
Toulouse,True,False
Le Havre,False,False
Montpellier,True,False
Nice,False,False
Nantes,False,False
Strasbourg,True,False
Rennes,False,False
Marseille,False,False
Paris SG,True,False
Lille,True,False
Marseille,False,False
Lens,False,False
Le Havre,False,False
Paris SG,False,False
Clermont,False,False
Brest,False,False
Metz,False,False
Montpellier,True,False
Lorient,False,False
Reims,False,False
Nice,False,False
Toulouse,False,False
Strasbourg,False,False
Monaco,False,False
Rennes,False,False
Nantes,False,False
Lyon,True,False
Metz,False,False
Lens,False,False
Strasbourg,True,False
Reims,False,False
Rennes,False,False
Toulouse,False,False
Le Havre,False,False
Nantes,False,False
Clermont,False,False
Montpellier,False,False
Lyon,False,False
Brest,False,False
Nice,True,False
Lorient,False,False
Nantes,False,False
Rennes,True,False
Lens,False,False
Clermont,False,False
Le Havre,False,False
Metz,False,False
Lille,False,False
Strasbourg,False,False
Reims,False,False
Montpellier,False,False
Brest,False,False
Monaco,True,False
Toulouse,False,False
Marseille,False,False
Paris SG,True,False
Lyon,False,False
Lorient,False,False
Paris SG,True,False
Marseille,False,False
Nice,False,False
Monaco,False,False
Lille,False,False
Montpellier,False,False
Nantes,False,False
Paris SG,False,False
Le Havre,False,False
Metz,False,False
Lille,False,False
Clermont,True,False
Reims,False,False
Lorient,False,False
Toulouse,False,False
Strasbourg,False,False
Nice,True,False
Rennes,False,False
Brest,False,False
Lyon,False,False
Monaco,False,False
Marseille,False,False
Lens,False,False
Toulouse,False,False
Montpellier,False,False
Lens,True,False
Lorient,False,False
Le Havre,True,False
Strasbourg,False,False
Monaco,True,False
Clermont,False,False
Metz,False,False
Rennes,False,False
Brest,False,False
Nantes,False,False
Lille,False,False
Lyon,False,False
Brest,False,False
Reims,False,False
Nice,False,False
Le Havre,False,False
Clermont,False,False
Lyon,False,False
Marseille,True,False
Lorient,False,False
Montpellier,False,False
Monaco,True,False
Nantes,False,False
Lille,False,False
Paris SG,False,False
Toulouse,True,False
Rennes,False,False
Lens,False,False
Strasbourg,False,False
Metz,False,False
Nice,False,False
Paris SG,False,False
Reims,False,False
Marseille,False,False
Le Havre,False,False
Marseille,False,False
Lens,False,False
Montpellier,False,False
Lille,False,False
Nice,False,False
Lorient,True,False
Clermont,False,False
Lyon,False,False
Strasbourg,False,False
Metz,False,False
Paris SG,True,False
Monaco,True,False
Nantes,False,False
Reims,False,False
Rennes,False,False
Toulouse,False,False
Brest,True,False
Volendam,False,False
Vitesse,False,False
PSV Eindhoven,True,False
Utrecht,False,False
Heerenveen,True,False
Waalwijk,False,False
Ajax,True,False
Heracles,False,False
Zwolle,False,False
Sparta Rotterdam,False,False
Nijmegen,False,False
Excelsior,False,False
AZ Alkmaar,True,False
Go Ahead Eagles,False,False
Feyenoord,False,False
For Sittard,False,False
Almere City,False,False
Twente,True,False
Heracles,False,False
Nijmegen,False,False
Excelsior,False,False
Ajax,False,False
Vitesse,False,False
PSV Eindhoven,True,False
For Sittard,False,False
Almere City,False,False
Go Ahead Eagles,True,False
Volendam,False,False
Utrecht,False,False
Heerenveen,True,False
Sparta Rotterdam,False,False
Feyenoord,False,False
Twente,True,False
Zwolle,False,False
Waalwijk,False,False
AZ Alkmaar,True,False
Nijmegen,True,False
Waalwijk,False,False
Excelsior,False,False
For Sittard,False,False
Zwolle,False,False
Utrecht,False,False
Feyenoord,True,False
Almere City,False,False
Heerenveen,False,False
Sparta Rotterdam,True,False
Sparta Rotterdam,False,False
Nijmegen,False,False
Almere City,False,False
Zwolle,False,False
Go Ahead Eagles,False,False
Heerenveen,False,False
Waalwijk,False,False
PSV Eindhoven,True,False
Heracles,True,False
Excelsior,False,False
Utrecht,False,False
Feyenoord,True,False
For Sittard,False,False
Ajax,False,False
Volendam,False,False
Twente,True,False
Vitesse,False,False
AZ Alkmaar,True,False
Feyenoord,True,False
Heerenveen,False,False
Vitesse,False,False
Waalwijk,True,False
For Sittard,True,False
Volendam,False,False
PSV Eindhoven,True,False
Nijmegen,False,False
Heracles,False,False
Utrecht,True,False
Zwolle,False,False
Go Ahead Eagles,False,False
Excelsior,False,False
Almere City,False,False
Twente,True,False
Ajax,False,False
AZ Alkmaar,True,False
Sparta Rotterdam,False,False
Go Ahead Eagles,True,False
For Sittard,False,False
Volendam,False,False
Heracles,False,False
Nijmegen,True,False
Utrecht,False,False
Almere City,False,False
PSV Eindhoven,True,False
Heerenveen,False,False
Excelsior,True,False
Sparta Rotterdam,False,False
Vitesse,False,False
Waalwijk,False,False
Twente,False,False
Zwolle,False,False
AZ Alkmaar,True,False
Ajax,False,False
Feyenoord,True,False
PSV Eindhoven,True,False
Go Ahead Eagles,False,False
Twente,False,False
Vitesse,False,False
AZ Alkmaar,False,False
Heracles,False,False
Feyenoord,True,False
Go Ahead Eagles,False,False
PSV Eindhoven,True,False
Volendam,False,False
Utrecht,False,False
Almere City,True,False
Twente,False,False
Heerenveen,False,False
Nijmegen,False,False
Vitesse,True,False
Excelsior,False,False
Sparta Rotterdam,False,False
Heracles,False,False
Zwolle,False,False
AZ Alkmaar,True,False
For Sittard,False,False
Volendam,False,False
Utrecht,False,False
Heerenveen,False,False
Nijmegen,False,False
Almere City,False,False
Waalwijk,False,False
Go Ahead Eagles,True,False
Heracles,False,False
Vitesse,False,False
Excelsior,False,False
Zwolle,False,False
Feyenoord,True,False
Ajax,False,False
AZ Alkmaar,False,False
For Sittard,False,False
Twente,True,False
Sparta Rotterdam,False,False
PSV Eindhoven,True,False
PSV Eindhoven,True,False
For Sittard,False,False
Waalwijk,False,False
Volendam,False,False
Nijmegen,False,False
Almere City,False,False
AZ Alkmaar,True,False
Heerenveen,False,False
Feyenoord,True,False
Vitesse,False,False
Utrecht,False,False
Ajax,False,False
Excelsior,False,False
Zwolle,True,False
Heracles,False,False
Twente,False,False
Go Ahead Eagles,False,False
Sparta Rotterdam,False,False
Vitesse,False,False
Zwolle,False,False
Heerenveen,True,False
Heracles,False,False
Almere City,False,False
Go Ahead Eagles,False,False
Sparta Rotterdam,True,False
Waalwijk,False,False
For Sittard,False,False
Utrecht,False,False
Twente,False,False
Feyenoord,False,False
PSV Eindhoven,True,False
Ajax,False,False
Volendam,True,False
Excelsior,False,False
Ajax,True,False
Volendam,False,False
Heracles,False,False
PSV Eindhoven,True,False
Excelsior,False,False
AZ Alkmaar,False,False
Waalwijk,False,False
Feyenoord,False,False
Go Ahead Eagles,True,False
Vitesse,False,False
Utrecht,False,False
Twente,False,False
Nijmegen,False,False
Volendam,False,False
Zwolle,True,False
For Sittard,False,False
Ajax,True,False
Heerenveen,False,False
Sparta Rotterdam,False,False
Almere City,False,False
For Sittard,True,False
Heracles,False,False
Waalwijk,False,False
Go Ahead Eagles,False,False
Twente,False,False
Nijmegen,False,False
Vitesse,False,False
Heerenveen,True,False
PSV Eindhoven,True,False
Zwolle,False,False
Almere City,False,False
Ajax,False,False
Volendam,False,False
Sparta Rotterdam,True,False
Feyenoord,False,False
AZ Alkmaar,False,False
Utrecht,False,False
Excelsior,False,False
Excelsior,False,False
Feyenoord,True,False
Heerenveen,True,False
For Sittard,False,False
Twente,False,False
PSV Eindhoven,True,False
Ajax,True,False
Vitesse,False,False
Zwolle,False,False
Waalwijk,False,False
Almere City,False,False
Heracles,True,False
AZ Alkmaar,True,False
Volendam,False,False
Nijmegen,False,False
Go Ahead Eagles,False,False
Sparta Rotterdam,False,False
Utrecht,False,False
Heerenveen,True,False
Almere City,False,False
Volendam,False,False
Zwolle,True,False
For Sittard,True,False
Vitesse,False,False
Waalwijk,False,False
Excelsior,False,False
Heracles,False,False
Sparta Rotterdam,False,False
Feyenoord,False,False
PSV Eindhoven,False,False
Go Ahead Eagles,False,False
Twente,True,False
Nijmegen,False,False
Ajax,False,False
Utrecht,False,False
AZ Alkmaar,False,False
AZ Alkmaar,False,False
Nijmegen,False,False
Waalwijk,False,False
Ajax,False,False
PSV Eindhoven,True,False
Heerenveen,False,False
Feyenoord,True,False
Volendam,False,False
Twente,True,False
Excelsior,False,False
Ajax,False,False
Sparta Rotterdam,False,False
Zwolle,False,False
Nijmegen,True,False
AZ Alkmaar,True,False
Almere City,False,False
Go Ahead Eagles,False,False
Utrecht,True,False
For Sittard,False,False
Waalwijk,False,False
Vitesse,True,False
Heracles,False,False
Nijmegen,True,False
For Sittard,False,False
Utrecht,False,False
Waalwijk,False,False
Excelsior,False,False
Go Ahead Eagles,False,False
Heerenveen,False,False
Volendam,False,False
Almere City,True,False
Vitesse,False,False
Heracles,False,False
Feyenoord,True,False
Sparta Rotterdam,False,False
Twente,False,False
Ajax,False,False
Zwolle,False,False
AZ Alkmaar,False,False
PSV Eindhoven,True,False
Waalwijk,False,False
Heracles,False,False
For Sittard,False,False
Sparta Rotterdam,True,False
Twente,False,False
AZ Alkmaar,False,False
Zwolle,False,False
Heerenveen,False,False
PSV Eindhoven,True,False
Excelsior,False,False
Volendam,False,False
Almere City,False,False
Go Ahead Eagles,False,False
Ajax,False,False
Vitesse,False,False
Utrecht,False,False
Feyenoord,False,False
Nijmegen,False,False
Excelsior,True,False
Heerenveen,False,False
Nijmegen,False,False
Twente,False,False
Heracles,False,False
Volendam,False,False
AZ Alkmaar,False,False
Zwolle,False,False
Utrecht,False,False
PSV Eindhoven,False,False
Sparta Rotterdam,False,False
Go Ahead Eagles,True,False
Vitesse,False,False
Feyenoord,False,False
Ajax,True,False
Waalwijk,False,False
Almere City,False,False
For Sittard,False,False
Zwolle,False,False
Vitesse,False,False
PSV Eindhoven,True,False
Almere City,False,False
Waalwijk,False,False
Sparta Rotterdam,False,False
Excelsior,False,False
Utrecht,False,False
Heracles,False,False
Ajax,True,False
Heerenveen,False,False
AZ Alkmaar,False,False
Feyenoord,False,False
Twente,False,False
Go Ahead Eagles,False,False
Nijmegen,False,False
Volendam,False,False
For Sittard,False,False
Almere City,False,False
Excelsior,False,False
Twente,True,False
Waalwijk,False,False
For Sittard,False,False
Heerenveen,False,False
Ajax,False,False
PSV Eindhoven,False,False
Nijmegen,True,False
Heracles,False,False
Vitesse,False,False
Go Ahead Eagles,True,False
AZ Alkmaar,False,False
Feyenoord,False,False
Utrecht,True,False
Volendam,False,False
Sparta Rotterdam,False,False
Zwolle,True,False
Waalwijk,True,False
Nijmegen,False,False
Excelsior,False,False
Twente,True,False
Almere City,False,False
AZ Alkmaar,False,False
Heracles,False,False
Vitesse,False,False
Go Ahead Eagles,False,False
Zwolle,False,False
Heerenveen,False,False
Ajax,False,False
Utrecht,True,False
For Sittard,False,False
Volendam,False,False
PSV Eindhoven,True,False
Feyenoord,True,False
Sparta Rotterdam,False,False
PSV Eindhoven,True,False
Heracles,False,False
For Sittard,False,False
AZ Alkmaar,False,False
Sparta Rotterdam,True,False
Excelsior,False,False
Heerenveen,False,False
Go Ahead Eagles,True,False
Zwolle,False,False
Almere City,False,False
Twente,False,False
Utrecht,False,False
Ajax,False,False
Nijmegen,False,False
Vitesse,False,False
Volendam,False,False
Feyenoord,False,False
Waalwijk,False,False
Utrecht,False,False
Heracles,False,False
Waalwijk,False,False
For Sittard,False,False
Zwolle,False,False
PSV Eindhoven,True,False
Nijmegen,True,False
Sparta Rotterdam,False,False
Excelsior,False,False
Vitesse,False,False
Almere City,False,False
Feyenoord,True,False
Twente,True,False
Go Ahead Eagles,False,False
AZ Alkmaar,True,False
Ajax,False,False
Volendam,False,False
Heerenveen,True,False
Volendam,False,False
Nijmegen,True,False
Go Ahead Eagles,False,False
Waalwijk,False,False
Vitesse,False,False
Twente,False,False
Sparta Rotterdam,False,False
AZ Alkmaar,False,False
Ajax,True,False
Utrecht,False,False
Heerenveen,True,False
Zwolle,False,False
PSV Eindhoven,False,False
Feyenoord,False,False
For Sittard,True,False
Excelsior,False,False
Heracles,False,False
Almere City,False,False
Go Ahead Eagles,False,False
PSV Eindhoven,False,False
Twente,False,False
Sparta Rotterdam,False,False
Almere City,False,False
Utrecht,False,False
Waalwijk,True,False
Vitesse,False,False
AZ Alkmaar,True,False
Excelsior,False,False
Ajax,False,False
For Sittard,False,False
Zwolle,False,False
Volendam,False,False
Nijmegen,True,False
Heerenveen,False,False
Feyenoord,True,False
Heracles,False,False
Heracles,True,False
Go Ahead Eagles,False,False
For Sittard,True,False
Zwolle,False,False
Excelsior,False,False
Waalwijk,False,False
Vitesse,False,False
Almere City,False,False
Volendam,False,False
AZ Alkmaar,True,False
Heerenveen,False,False
Feyenoord,False,False
Utrecht,False,False
Nijmegen,False,False
Sparta Rotterdam,False,False
Ajax,False,False
PSV Eindhoven,False,False
Twente,False,False
Nijmegen,True,False
PSV Eindhoven,False,False
Sparta Rotterdam,True,False
For Sittard,False,False
Go Ahead Eagles,True,False
Excelsior,False,False
Waalwijk,False,False
Heerenveen,False,False
AZ Alkmaar,True,False
Vitesse,False,False
Zwolle,False,False
Ajax,True,False
Feyenoord,True,False
Utrecht,False,False
Twente,False,False
Heracles,False,False
Almere City,False,False
Volendam,False,False
Vitesse,False,False
Sparta Rotterdam,True,False
Excelsior,False,False
PSV Eindhoven,True,False
For Sittard,False,False
Nijmegen,False,False
Heracles,True,False
AZ Alkmaar,False,False
Utrecht,True,False
Zwolle,False,False
Heerenveen,False,False
Twente,False,False
Volendam,False,False
Feyenoord,False,False
Waalwijk,False,False
Almere City,False,False
Ajax,False,False
Go Ahead Eagles,False,False
Sparta Rotterdam,False,False
Heracles,False,False
PSV Eindhoven,True,False
AZ Alkmaar,False,False
Zwolle,False,False
Excelsior,False,False
Twente,True,False
For Sittard,False,False
Vitesse,False,False
Nijmegen,True,False
Feyenoord,True,False
Ajax,False,False
Go Ahead Eagles,False,False
Almere City,False,False
Volendam,False,False
Waalwijk,False,False
Heerenveen,False,False
Utrecht,False,False
Excelsior,True,False
Volendam,False,False
PSV Eindhoven,True,False
Vitesse,False,False
AZ Alkmaar,False,False
Waalwijk,False,False
Almere City,False,False
Sparta Rotterdam,False,False
Heracles,False,False
Heerenveen,True,False
For Sittard,False,False
Feyenoord,False,False
Utrecht,False,False
Go Ahead Eagles,False,False
Ajax,False,False
Twente,False,False
Nijmegen,False,False
Zwolle,False,False
Twente,True,False
Almere City,False,False
Ajax,False,False
Excelsior,False,False
Heerenveen,False,False
PSV Eindhoven,True,False
Go Ahead Eagles,False,False
Feyenoord,True,False
Nijmegen,False,False
AZ Alkmaar,True,False
Zwolle,True,False
Heracles,False,False
Sparta Rotterdam,False,False
Volendam,False,False
Waalwijk,False,False
Utrecht,False,False
Vitesse,False,False
For Sittard,False,False
Almere City,False,False
Heerenveen,False,False
For Sittard,False,False
Go Ahead Eagles,False,False
Heracles,False,False
Waalwijk,True,False
PSV Eindhoven,True,False
Sparta Rotterdam,False,False
Utrecht,False,False
Vitesse,False,False
Volendam,False,False
Ajax,True,False
AZ Alkmaar,False,False
Twente,False,False
Feyenoord,True,False
Zwolle,False,False
Excelsior,False,False
Nijmegen,True,False
Ajax,True,False
Almere City,False,False
Excelsior,True,False
Heracles,False,False
For Sittard,False,False
PSV Eindhoven,False,False
Go Ahead Eagles,False,False
AZ Alkmaar,True,False
Heerenveen,False,False
Vitesse,True,False
Nijmegen,False,False
Feyenoord,False,False
Twente,True,False
Volendam,False,False
Utrecht,False,False
Sparta Rotterdam,False,False
Waalwijk,False,False
Zwolle,False,False
Almere City,False,False
Nijmegen,True,False
AZ Alkmaar,False,False
Utrecht,False,False
Feyenoord,True,False
Excelsior,False,False
Heracles,False,False
For Sittard,False,False
PSV Eindhoven,True,False
Waalwijk,False,False
Sparta Rotterdam,False,False
Heerenveen,False,False
Vitesse,False,False
Ajax,False,False
Volendam,False,False
Go Ahead Eagles,False,False
Zwolle,False,False
Twente,False,False
St. Gilloise,True,False
Anderlecht,False,False
Eupen,False,False
Westerlo,False,False
Charleroi,False,False
Oud-Heverlee Leuven,False,False
RWD Molenbeek,False,False
Genk,True,False
Antwerp,False,False
Cercle Brugge,False,False
Gent,False,False
Kortrijk,False,False
Club Brugge,False,False
Mechelen,False,False
St Truiden,False,False
Standard,False,False
Standard,False,False
St. Gilloise,False,False
Genk,False,False
Eupen,False,False
Cercle Brugge,True,False
Charleroi,False,False
Oud-Heverlee Leuven,False,False
RWD Molenbeek,False,False
Anderlecht,False,False
Antwerp,False,False
Mechelen,False,False
Gent,False,False
Westerlo,False,False
Club Brugge,False,False
Kortrijk,False,False
St Truiden,False,False
Antwerp,True,False
Kortrijk,False,False
RWD Molenbeek,False,False
Mechelen,False,False
St. Gilloise,True,False
Oud-Heverlee Leuven,False,False
St Truiden,False,False
Anderlecht,False,False
Cercle Brugge,False,False
Genk,False,False
Eupen,False,False
Club Brugge,True,False
Charleroi,False,False
Standard,False,False
Westerlo,False,False
Gent,True,False
Oud-Heverlee Leuven,False,False
Antwerp,False,False
Standard,False,False
Cercle Brugge,False,False
Mechelen,True,False
St. Gilloise,False,False
Anderlecht,False,False
Westerlo,False,False
Genk,False,False
Charleroi,False,False
Gent,False,False
St Truiden,False,False
Club Brugge,True,False
RWD Molenbeek,False,False
Kortrijk,False,False
Eupen,True,False
Westerlo,False,False
Mechelen,False,False
Eupen,True,False
Oud-Heverlee Leuven,False,False
Kortrijk,False,False
Standard,False,False
St Truiden,False,False
Cercle Brugge,True,False
Anderlecht,False,False
Charleroi,False,False
Oud-Heverlee Leuven,True,False
Kortrijk,False,False
Cercle Brugge,False,False
Westerlo,False,False
Mechelen,False,False
Eupen,False,False
Standard,False,False
RWD Molenbeek,False,False
Gent,False,False
Club Brugge,False,False
St. Gilloise,False,False
Antwerp,False,False
Genk,False,False
Anderlecht,False,False
Charleroi,False,False
St Truiden,False,False
Westerlo,False,False
Antwerp,True,False
RWD Molenbeek,False,False
Cercle Brugge,False,False
St. Gilloise,False,False
Genk,True,False
Club Brugge,True,False
Charleroi,False,False
Eupen,False,False
Standard,True,False
Kortrijk,False,False
Anderlecht,False,False
Oud-Heverlee Leuven,False,False
Gent,False,False
St Truiden,True,False
Mechelen,False,False
Standard,False,False
Westerlo,False,False
Charleroi,False,False
Kortrijk,False,False
Mechelen,False,False
Oud-Heverlee Leuven,False,False
Antwerp,False,False
RWD Molenbeek,False,False
Genk,False,False
St Truiden,False,False
Cercle Brugge,False,False
St. Gilloise,True,False
Anderlecht,False,False
Club Brugge,False,False
Gent,False,False
Eupen,False,False
Antwerp,False,False
Gent,False,False
RWD Molenbeek,False,False
St. Gilloise,False,False
Club Brugge,False,False
Genk,False,False
Kortrijk,False,False
Cercle Brugge,False,False
Eupen,False,False
Anderlecht,True,False
Oud-Heverlee Leuven,False,False
Standard,False,False
Mechelen,False,False
Antwerp,False,False
St. Gilloise,True,False
Charleroi,False,False
Genk,False,False
Westerlo,False,False
Club Brugge,False,False
St Truiden,False,False
RWD Molenbeek,False,False
Gent,False,False
Charleroi,False,False
RWD Molenbeek,False,False
Cercle Brugge,False,False
Oud-Heverlee Leuven,False,False
Westerlo,False,False
Kortrijk,False,False
Anderlecht,True,False
Mechelen,False,False
Standard,False,False
Club Brugge,False,False
Antwerp,True,False
Eupen,False,False
Gent,False,False
Genk,False,False
St Truiden,False,False
St. Gilloise,True,False
St. Gilloise,True,False
Eupen,False,False
Kortrijk,False,False
Club Brugge,False,False
RWD Molenbeek,False,False
Westerlo,False,False
Charleroi,False,False
Antwerp,False,False
Genk,True,False
Mechelen,False,False
Cercle Brugge,True,False
Gent,False,False
Standard,False,False
Anderlecht,False,False
Oud-Heverlee Leuven,True,False
St Truiden,False,False
St Truiden,False,False
RWD Molenbeek,False,False
Mechelen,False,False
Cercle Brugge,True,False
Eupen,True,False
Charleroi,False,False
Anderlecht,True,False
Oud-Heverlee Leuven,False,False
Club Brugge,False,False
Antwerp,False,False
Westerlo,False,False
St. Gilloise,True,False
Gent,True,False
Standard,False,False
Kortrijk,False,False
Genk,True,False
St Truiden,False,False
Eupen,False,False
RWD Molenbeek,False,False
Kortrijk,False,False
Oud-Heverlee Leuven,False,False
Westerlo,True,False
Antwerp,False,False
Genk,False,False
Cercle Brugge,False,False
Anderlecht,True,False
Standard,False,False
Mechelen,False,False
St. Gilloise,False,False
Club Brugge,False,False
Charleroi,False,False
Gent,True,False
Westerlo,False,False
St Truiden,False,False
Antwerp,True,False
Standard,False,False
Eupen,False,False
RWD Molenbeek,True,False
Mechelen,False,False
Charleroi,False,False
Club Brugge,False,False
Cercle Brugge,False,False
Genk,True,False
Oud-Heverlee Leuven,False,False
Gent,False,False
Anderlecht,False,False
St. Gilloise,True,False
Kortrijk,False,False
St Truiden,False,False
Antwerp,False,False
Cercle Brugge,True,False
Eupen,False,False
Charleroi,False,False
Westerlo,False,False
Standard,False,False
Genk,False,False
Gent,False,False
St. Gilloise,False,False
Oud-Heverlee Leuven,False,False
Club Brugge,False,False
Anderlecht,False,False
RWD Molenbeek,False,False
Kortrijk,False,False
Mechelen,True,False
Westerlo,False,False
Anderlecht,True,False
RWD Molenbeek,False,False
Charleroi,False,False
Eupen,False,False
Kortrijk,False,False
Antwerp,False,False
Oud-Heverlee Leuven,False,False
Genk,False,False
Gent,False,False
Mechelen,False,False
St Truiden,True,False
Club Brugge,True,False
Standard,False,False
St. Gilloise,False,False
Cercle Brugge,False,False
Kortrijk,False,False
Westerlo,False,False
Cercle Brugge,False,False
Antwerp,True,False
St Truiden,False,False
Oud-Heverlee Leuven,False,False
Gent,True,False
RWD Molenbeek,False,False
Mechelen,False,False
Club Brugge,False,False
Eupen,False,False
Genk,True,False
Anderlecht,False,False
Standard,False,False
Charleroi,False,False
St. Gilloise,True,False
Westerlo,True,False
Eupen,False,False
Oud-Heverlee Leuven,False,False
Cercle Brugge,False,False
RWD Molenbeek,True,False
St Truiden,False,False
Standard,False,False
Charleroi,False,False
Club Brugge,True,False
Gent,False,False
St. Gilloise,False,False
Mechelen,False,False
Antwerp,False,False
Anderlecht,False,False
Genk,True,False
Kortrijk,False,False
Cercle Brugge,True,False
Kortrijk,False,False
Mechelen,True,False
Standard,False,False
Gent,True,False
Oud-Heverlee Leuven,False,False
RWD Molenbeek,False,False
Club Brugge,True,False
Eupen,False,False
St. Gilloise,False,False
Antwerp,False,False
Westerlo,False,False
St Truiden,False,False
Charleroi,False,False
Anderlecht,False,False
Genk,False,False
Genk,True,False
Antwerp,False,False
Kortrijk,False,False
Gent,True,False
Oud-Heverlee Leuven,True,False
Eupen,False,False
Westerlo,True,False
RWD Molenbeek,False,False
Club Brugge,False,False
St. Gilloise,False,False
Standard,False,False
St Truiden,False,False
Anderlecht,True,False
Cercle Brugge,False,False
Charleroi,True,False
Mechelen,False,False
Gent,False,False
Mechelen,False,False
Genk,False,False
Cercle Brugge,False,False
Standard,False,False
Kortrijk,False,False
Club Brugge,True,False
Westerlo,False,False
Antwerp,True,False
Charleroi,False,False
St. Gilloise,False,False
St Truiden,False,False
Oud-Heverlee Leuven,False,False
Anderlecht,False,False
RWD Molenbeek,False,False
Eupen,False,False
Cercle Brugge,False,False
Standard,False,False
Kortrijk,False,False
Oud-Heverlee Leuven,False,False
Charleroi,False,False
Club Brugge,True,False
Gent,False,False
Westerlo,False,False
St Truiden,False,False
Genk,False,False
Eupen,False,False
Antwerp,False,False
Anderlecht,False,False
St. Gilloise,False,False
Mechelen,True,False
RWD Molenbeek,False,False
Club Brugge,False,False
Kortrijk,False,False
Westerlo,True,False
Cercle Brugge,False,False
Charleroi,False,False
Eupen,False,False
Oud-Heverlee Leuven,False,False
Genk,False,False
St. Gilloise,False,False
RWD Molenbeek,False,False
Standard,False,False
Antwerp,False,False
Mechelen,False,False
Anderlecht,False,False
St Truiden,True,False
Gent,False,False
RWD Molenbeek,False,False
Standard,False,False
Kortrijk,False,False
Charleroi,False,False
Westerlo,False,False
Oud-Heverlee Leuven,True,False
Genk,False,False
St. Gilloise,False,False
Antwerp,False,False
Club Brugge,False,False
Eupen,False,False
Mechelen,False,False
Anderlecht,False,False
Gent,False,False
Cercle Brugge,True,False
St Truiden,False,False
St Truiden,False,False
Kortrijk,False,False
Standard,False,False
Oud-Heverlee Leuven,False,False
St. Gilloise,False,False
Westerlo,False,False
Club Brugge,True,False
Eupen,False,False
RWD Molenbeek,False,False
Antwerp,True,False
Mechelen,False,False
Genk,False,False
Charleroi,False,False
Anderlecht,True,False
Gent,False,False
Cercle Brugge,False,False
Westerlo,False,False
Standard,False,False
Genk,True,False
RWD Molenbeek,False,False
Oud-Heverlee Leuven,False,False
Charleroi,False,False
Antwerp,False,False
Mechelen,False,False
Cercle Brugge,False,False
Club Brugge,False,False
Kortrijk,False,False
St. Gilloise,True,False
Anderlecht,True,False
St Truiden,False,False
Eupen,False,False
Gent,True,False
Charleroi,False,False
Genk,False,False
RWD Molenbeek,False,False
Oud-Heverlee Leuven,False,False
St Truiden,False,False
Westerlo,False,False
Mechelen,True,False
Kortrijk,False,False
Club Brugge,False,False
Anderlecht,False,False
Gent,False,False
Antwerp,False,False
St. Gilloise,False,False
Standard,False,False
Eupen,False,False
Cercle Brugge,True,False
Westerlo,False,False
Charleroi,False,False
Cercle Brugge,False,False
Mechelen,False,False
Oud-Heverlee Leuven,False,False
St. Gilloise,True,False
Standard,True,False
Gent,False,False
Genk,False,False
Club Brugge,True,False
Antwerp,True,False
St Truiden,False,False
Anderlecht,False,False
Eupen,False,False
Kortrijk,False,False
RWD Molenbeek,False,False
Mechelen,True,False
Westerlo,False,False
Kortrijk,False,False
Antwerp,False,False
Charleroi,False,False
Cercle Brugge,False,False
RWD Molenbeek,False,False
Anderlecht,True,False
Genk,False,False
Standard,False,False
Club Brugge,True,False
Oud-Heverlee Leuven,False,False
St. Gilloise,False,False
Gent,False,False
Eupen,False,False
St Truiden,False,False
Standard,True,False
Eupen,False,False
Anderlecht,False,False
Kortrijk,False,False
St Truiden,False,False
Club Brugge,False,False
Antwerp,False,False
St. Gilloise,False,False
Cercle Brugge,True,False
RWD Molenbeek,False,False
Gent,True,False
Charleroi,False,False
Oud-Heverlee Leuven,False,False
Mechelen,False,False
Westerlo,False,False
Genk,False,False
Gent,True,False
Standard,False,False
Oud-Heverlee Leuven,False,False
Mechelen,False,False
Anderlecht,False,False
Antwerp,False,False
St Truiden,True,False
Westerlo,False,False
Cercle Brugge,False,False
Club Brugge,False,False
Genk,False,False
St. Gilloise,False,False
Mechelen,False,False
St Truiden,False,False
Charleroi,False,False
RWD Molenbeek,False,False
Standard,False,False
Oud-Heverlee Leuven,False,False
Antwerp,False,False
Genk,False,False
St. Gilloise,False,False
Cercle Brugge,False,False
Eupen,False,False
Kortrijk,False,False
Club Brugge,True,False
Anderlecht,False,False
Westerlo,False,False
Gent,True,False
St Truiden,False,False
Standard,False,False
RWD Molenbeek,True,False
Eupen,False,False
Mechelen,False,False
Westerlo,False,False
Genk,False,False
Cercle Brugge,False,False
Club Brugge,True,False
Antwerp,False,False
Kortrijk,False,False
Charleroi,False,False
Anderlecht,False,False
St. Gilloise,False,False
Oud-Heverlee Leuven,False,False
Gent,False,False
Oud-Heverlee Leuven,False,False
St Truiden,False,False
Westerlo,False,False
Standard,False,False
Gent,True,False
Mechelen,False,False
Genk,False,False
Anderlecht,False,False
Cercle Brugge,False,False
Antwerp,False,False
Kortrijk,False,False
RWD Molenbeek,True,False
St. Gilloise,False,False
Club Brugge,False,False
Charleroi,False,False
Eupen,False,False
St Truiden,False,False
Gent,True,False
Standard,False,False
Mechelen,False,False
Westerlo,False,False
Oud-Heverlee Leuven,False,False
Anderlecht,True,False
Cercle Brugge,False,False
Club Brugge,True,False
Genk,False,False
Antwerp,False,False
St. Gilloise,True,False
Eupen,False,False
Charleroi,False,False
Mechelen,True,False
Oud-Heverlee Leuven,False,False
Standard,False,False
St Truiden,False,False
Gent,False,False
Westerlo,False,False
Genk,False,False
Club Brugge,True,False
Cercle Brugge,False,False
Anderlecht,False,False
St. Gilloise,True,False
Antwerp,False,False
RWD Molenbeek,False,False
Kortrijk,False,False
Westerlo,False,False
St Truiden,False,False
RWD Molenbeek,False,False
Charleroi,True,False
Mechelen,False,False
Gent,True,False
Cercle Brugge,True,False
Genk,False,False
Antwerp,False,False
Club Brugge,False,False
Oud-Heverlee Leuven,True,False
Standard,False,False
St. Gilloise,False,False
Anderlecht,False,False
Kortrijk,False,False
Eupen,False,False
Charleroi,True,False
Kortrijk,False,False
Eupen,True,False
RWD Molenbeek,False,False
Anderlecht,False,False
Genk,False,False
Gent,False,False
Oud-Heverlee Leuven,False,False
St Truiden,False,False
Mechelen,False,False
Antwerp,False,False
Cercle Brugge,False,False
Club Brugge,False,False
St. Gilloise,False,False
St Truiden,False,False
Oud-Heverlee Leuven,False,False
Westerlo,False,False
Mechelen,True,False
Standard,False,False
Gent,True,False
Cercle Brugge,False,False
St. Gilloise,False,False
Anderlecht,False,False
Club Brugge,False,False
Genk,False,False
Antwerp,False,False
Gent,True,False
St Truiden,False,False
Mechelen,False,False
Standard,False,False
Oud-Heverlee Leuven,False,False
Westerlo,False,False
Antwerp,True,False
Anderlecht,False,False
Club Brugge,False,False
Cercle Brugge,False,False
St. Gilloise,True,False
Genk,False,False
Genk,False,False
Gent,False,False
Celtic,True,False
Ross County,False,False
Dundee,False,False
Motherwell,False,False
Livingston,False,False
Aberdeen,False,False
St Johnstone,False,False
Hearts,True,False
Kilmarnock,False,False
Rangers,False,False
Hibernian,False,False
St Mirren,False,False
Rangers,True,False
Livingston,False,False
Ross County,True,False
St Johnstone,False,False
St Mirren,False,False
Dundee,False,False
Aberdeen,False,False
Celtic,True,False
Hearts,False,False
Kilmarnock,False,False
Motherwell,False,False
Hibernian,False,False
Ross County,False,False
Rangers,True,False
Celtic,False,False
St Johnstone,False,False
Hibernian,False,False
Livingston,False,False
Motherwell,False,False
Kilmarnock,False,False
Dundee,False,False
Hearts,False,False
St Mirren,False,False
Aberdeen,False,False
Kilmarnock,False,False
Ross County,False,False
Livingston,False,False
St Mirren,False,False
St Johnstone,False,False
Dundee,False,False
Rangers,False,False
Celtic,False,False
Aberdeen,False,False
Hibernian,True,False
Hearts,False,False
Motherwell,False,False
St Johnstone,False,False
Rangers,True,False
Celtic,True,False
Dundee,False,False
Hearts,True,False
Aberdeen,False,False
Kilmarnock,False,False
Hibernian,False,False
Motherwell,False,False
St Mirren,False,False
Ross County,False,False
Livingston,False,False
Livingston,False,False
Celtic,True,False
Dundee,False,False
Kilmarnock,False,False
Hibernian,True,False
St Johnstone,False,False
St Mirren,False,False
Hearts,False,False
Aberdeen,True,False
Ross County,False,False
Rangers,False,False
Motherwell,False,False
Motherwell,False,False
Celtic,False,False
Hibernian,False,False
Dundee,False,False
Kilmarnock,False,False
St Mirren,False,False
Rangers,False,False
Aberdeen,True,False
Ross County,False,False
Hearts,False,False
St Johnstone,False,False
Livingston,False,False
Celtic,True,False
Kilmarnock,False,False
Hearts,False,False
Hibernian,False,False
Livingston,True,False
Motherwell,False,False
St Mirren,False,False
Rangers,True,False
Aberdeen,False,False
St Johnstone,False,False
Kilmarnock,True,False
Livingston,False,False
Rangers,True,False
Hibernian,False,False
Hearts,False,False
Celtic,True,False
Dundee,False,False
Ross County,False,False
Hibernian,False,False
Celtic,False,False
Livingston,False,False
Dundee,True,False
Motherwell,False,False
Ross County,False,False
St Mirren,True,False
St Johnstone,False,False
Kilmarnock,True,False
Aberdeen,False,False
Rangers,False,False
Hearts,False,False
Hibernian,False,False
Ross County,False,False
Celtic,False,False
St Mirren,False,False
Dundee,False,False
Rangers,True,False
Hearts,False,False
Livingston,False,False
Motherwell,False,False
Aberdeen,True,False
St Johnstone,False,False
Kilmarnock,False,False
Ross County,False,False
Celtic,True,False
Kilmarnock,False,False
Motherwell,False,False
Dundee,False,False
Livingston,False,False
St Johnstone,False,False
Motherwell,False,False
St Mirren,False,False
Hibernian,False,False
Dundee,True,False
St Mirren,False,False
Hibernian,False,False
Kilmarnock,False,False
Motherwell,False,False
Hearts,False,False
St Johnstone,False,False
Ross County,False,False
Livingston,False,False
Rangers,True,False
Celtic,True,False
Aberdeen,False,False
Celtic,False,False
Motherwell,False,False
Dundee,False,False
Hibernian,False,False
Hearts,False,False
St Johnstone,False,False
Ross County,False,False
Kilmarnock,False,False
St Mirren,False,False
Livingston,False,False
Aberdeen,False,False
Rangers,False,False
Ross County,False,False
St Mirren,False,False
Kilmarnock,False,False
Hearts,False,False
Motherwell,False,False
Dundee,False,False
St Johnstone,False,False
Celtic,True,False
Hibernian,True,False
Aberdeen,False,False
Rangers,True,False
St Mirren,False,False
Ross County,True,False
Motherwell,False,False
Aberdeen,False,False
Kilmarnock,False,False
Celtic,True,False
Hibernian,False,False
St Johnstone,False,False
St Mirren,False,False
Hearts,False,False
Rangers,False,False
Aberdeen,False,False
Hearts,False,False
Livingston,False,False
Hibernian,False,False
Motherwell,False,False
St Johnstone,False,False
Rangers,True,False
Dundee,False,False
St Mirren,True,False
Ross County,False,False
Kilmarnock,False,False
Celtic,False,False
Celtic,False,False
Hearts,True,False
Livingston,False,False
Kilmarnock,False,False
Ross County,False,False
Dundee,False,False
St Johnstone,False,False
Hibernian,False,False
St Mirren,False,False
Motherwell,False,False
Aberdeen,False,False
Livingston,False,False
Rangers,True,False
St Johnstone,False,False
Celtic,True,False
Livingston,False,False
Hearts,True,False
St Mirren,False,False
Kilmarnock,False,False
St Johnstone,False,False
Motherwell,False,False
Rangers,True,False
Dundee,False,False
Celtic,True,False
Livingston,False,False
St Johnstone,False,False
St Mirren,False,False
Kilmarnock,False,False
Hibernian,False,False
Hearts,False,False
Celtic,False,False
Rangers,False,False
Aberdeen,False,False
St Mirren,True,False
Hearts,False,False
Ross County,False,False
Kilmarnock,False,False
Dundee,False,False
Motherwell,True,False
Livingston,False,False
Hibernian,False,False
Motherwell,False,False
Livingston,False,False
Hearts,False,False
Rangers,True,False
Kilmarnock,False,False
Ross County,False,False
Aberdeen,True,False
St Mirren,False,False
Celtic,True,False
Hearts,False,False
Dundee,False,False
Hibernian,False,False
Rangers,True,False
St Johnstone,False,False
Aberdeen,False,False
St Mirren,False,False
Rangers,False,False
Celtic,False,False
Ross County,False,False
Hearts,True,False
Aberdeen,False,False
Kilmarnock,False,False
Hibernian,False,False
Livingston,False,False
Dundee,True,False
St Johnstone,False,False
Motherwell,False,False
Aberdeen,False,False
Dundee,False,False
Livingston,False,False
Ross County,False,False
Aberdeen,False,False
Celtic,False,False
Dundee,False,False
Hearts,False,False
Hibernian,False,False
St Mirren,True,False
Motherwell,False,False
Kilmarnock,False,False
Rangers,True,False
Livingston,False,False
Ross County,False,False
St Johnstone,False,False
Motherwell,True,False
Ross County,False,False
Rangers,False,False
Aberdeen,False,False
Kilmarnock,False,False
Livingston,False,False
St Johnstone,False,False
Hearts,False,False
St Mirren,True,False
Dundee,False,False
Hibernian,False,False
Celtic,False,False
Dundee,False,False
St Johnstone,False,False
Aberdeen,False,False
Motherwell,False,False
Rangers,True,False
Ross County,False,False
Aberdeen,False,False
Hibernian,False,False
Celtic,False,False
Kilmarnock,False,False
Dundee,True,False
Ross County,False,False
Hearts,True,False
Motherwell,False,False
Livingston,False,False
St Mirren,False,False
St Johnstone,False,False
Rangers,True,False
Hibernian,False,False
Dundee,False,False
Kilmarnock,True,False
Aberdeen,False,False
Rangers,True,False
Hearts,False,False
Ross County,False,False
Livingston,False,False
St Mirren,True,False
St Johnstone,False,False
Motherwell,False,False
Celtic,True,False
Ross County,False,False
St Mirren,False,False
Aberdeen,False,False
St Johnstone,True,False
Celtic,True,False
Dundee,False,False
Hearts,False,False
Hibernian,False,False
Kilmarnock,False,False
Rangers,False,False
Livingston,False,False
Motherwell,True,False
Dundee,False,False
Kilmarnock,False,False
Hibernian,True,False
Ross County,False,False
Rangers,False,False
Motherwell,False,False
St Johnstone,False,False
Livingston,False,False
St Mirren,False,False
Aberdeen,False,False
Hearts,True,False
Celtic,False,False
Dundee,False,False
Aberdeen,False,False
Ross County,False,False
Hibernian,False,False
Celtic,True,False
St Johnstone,False,False
Hibernian,True,False
Livingston,False,False
Kilmarnock,True,False
St Mirren,False,False
Motherwell,False,False
Aberdeen,False,False
Ross County,False,False
Hearts,False,False
Aberdeen,False,False
Ross County,False,False
Hearts,False,False
Kilmarnock,False,False
Motherwell,False,False
St Mirren,False,False
Rangers,True,False
Hibernian,False,False
St Johnstone,False,False
Dundee,False,False
Livingston,False,False
Celtic,True,False
Dundee,False,False
Motherwell,False,False
Hibernian,False,False
St Johnstone,False,False
Kilmarnock,False,False
Ross County,False,False
Livingston,False,False
Aberdeen,False,False
St Mirren,False,False
Hearts,False,False
Rangers,False,False
Celtic,False,False
Aberdeen,False,False
Dundee,False,False
Celtic,True,False
St Mirren,False,False
Hearts,True,False
Livingston,False,False
Motherwell,False,False
Hibernian,False,False
St Johnstone,False,False
Kilmarnock,True,False
Ross County,False,False
Rangers,False,False
Dundee,False,False
Rangers,False,False
Aberdeen,False,False
Motherwell,False,False
Kilmarnock,False,False
Hearts,False,False
Livingston,True,False
Ross County,False,False
St Johnstone,False,False
Hibernian,True,False
St Mirren,False,False
Rangers,False,False
Dundee,False,False
Celtic,False,False
Aberdeen,False,False
St Johnstone,False,False
Celtic,True,False
Hearts,False,False
Dundee,False,False
St Mirren,True,False
Motherwell,True,False
Livingston,False,False
Ross County,False,False
Hibernian,False,False
Rangers,True,False
Kilmarnock,False,False
Celtic,False,False
Rangers,False,False
Hearts,True,False
Dundee,False,False
Livingston,False,False
St Johnstone,False,False
Ross County,False,False
Motherwell,True,False
St Mirren,False,False
Kilmarnock,False,False
Hibernian,False,False
Aberdeen,True,False
Rangers,True,False
Dundee,False,False
Kilmarnock,False,False
Celtic,True,False
Aberdeen,True,False
Livingston,False,False
Hibernian,True,False
Motherwell,False,False
St Johnstone,False,False
Ross County,False,False
St Mirren,False,False
Hearts,False,False
Celtic,False,False
St Mirren,False,False
Dundee,False,False
Kilmarnock,False,False
Hearts,False,False
Rangers,False,False
Livingston,False,False
Hibernian,False,False
Motherwell,False,False
St Johnstone,False,False
Ross County,False,False
Aberdeen,False,False
LA Galaxy,False,False
LA Galaxy,False,False
LA Galaxy,False,False
LA Galaxy,True,False
LA Galaxy,False,False
LA Galaxy,False,False
LA Galaxy,True,False
LA Galaxy,False,False
LA Galaxy,False,False
LA Galaxy,True,False
LA Galaxy,False,False
LA Galaxy,True,False
LA Galaxy,True,False
LA Galaxy,False,False
LA Galaxy,False,False
LA Galaxy,True,False
LA Galaxy,False,False
LA Galaxy,False,False
LA Galaxy,False,False
LA Galaxy,False,False
LA Galaxy,False,False
LA Galaxy,False,False
LA Galaxy,True,False
LA Galaxy,False,False
LA Galaxy,False,False
LA Galaxy,False,False
LA Galaxy,False,False
LA Galaxy,False,False
LA Galaxy,False,False
LA Galaxy,False,False
LA Galaxy,True,False
LA Galaxy,False,False
LA Galaxy,True,False
LA Galaxy,False,False
LA Galaxy,False,False
LAFC,False,False
LAFC,False,False
LAFC,False,False
LAFC,False,False
LAFC,False,False
LAFC,False,False
LAFC,False,False
LAFC,False,False
LAFC,False,False
LAFC,False,False
LAFC,False,False
LAFC,True,False
LAFC,True,False
LAFC,False,False
LAFC,True,True
LAFC,False,False
LAFC,False,False
LAFC,True,False
LAFC,True,False
LAFC,False,False
LAFC,False,False
LAFC,False,False
LAFC,False,False
LAFC,False,False
LAFC,False,False
LAFC,False,False
LAFC,True,False
LAFC,False,False
LAFC,False,False
LAFC,False,False
LAFC,False,False
LAFC,False,False
LAFC,False,False
LAFC,True,False
LAFC,False,False
Inter Miami,False,False
Inter Miami,False,False
Inter Miami,False,False
Inter Miami,False,False
Inter Miami,True,False
Inter Miami,False,False
Inter Miami,False,False
Inter Miami,False,False
Inter Miami,True,False
Inter Miami,False,False
Inter Miami,False,False
Inter Miami,False,False
Inter Miami,True,False
Inter Miami,False,False
Inter Miami,False,False
Inter Miami,False,False
Inter Miami,False,False
Inter Miami,True,False
Inter Miami,False,False
Inter Miami,True,False
Inter Miami,False,False
Inter Miami,False,False
Inter Miami,True,False
Inter Miami,False,False
Inter Miami,False,False
Inter Miami,False,False
Inter Miami,False,False
Inter Miami,False,False
Inter Miami,False,False
Inter Miami,False,False
Inter Miami,False,False
Inter Miami,True,False
Inter Miami,False,False
Inter Miami,True,True
Inter Miami,True,False
Columbus Crew,False,False
Columbus Crew,False,False
Columbus Crew,False,False
Columbus Crew,False,False
Columbus Crew,True,True
Columbus Crew,True,False
Columbus Crew,True,False
Columbus Crew,False,False
Columbus Crew,True,False
Columbus Crew,False,False
Columbus Crew,False,False
Columbus Crew,False,False
Columbus Crew,False,False
Columbus Crew,True,False
Columbus Crew,False,False
Columbus Crew,False,False
Columbus Crew,True,False
Columbus Crew,False,False
Columbus Crew,True,False
Columbus Crew,False,False
Columbus Crew,False,False
Columbus Crew,True,False
Columbus Crew,False,False
Columbus Crew,True,False
Columbus Crew,False,False
Columbus Crew,False,False
Columbus Crew,False,False
Columbus Crew,False,False
Columbus Crew,False,False
Columbus Crew,False,False
Columbus Crew,False,False
Columbus Crew,True,False
Columbus Crew,True,False
Columbus Crew,True,False
Columbus Crew,True,False
FC Cincinnati,False,False
FC Cincinnati,False,False
FC Cincinnati,False,False
FC Cincinnati,False,False
FC Cincinnati,False,False
FC Cincinnati,False,False
FC Cincinnati,False,False
FC Cincinnati,False,False
FC Cincinnati,False,False
FC Cincinnati,True,False
FC Cincinnati,False,False
FC Cincinnati,False,False
FC Cincinnati,False,False
FC Cincinnati,True,False
FC Cincinnati,False,False
FC Cincinnati,False,False
FC Cincinnati,False,False
FC Cincinnati,False,False
FC Cincinnati,False,False
FC Cincinnati,True,False
FC Cincinnati,True,False
FC Cincinnati,True,False
FC Cincinnati,False,False
FC Cincinnati,False,False
FC Cincinnati,False,False
FC Cincinnati,False,False
FC Cincinnati,False,False
FC Cincinnati,False,False
FC Cincinnati,True,True
FC Cincinnati,False,False
FC Cincinnati,False,False
FC Cincinnati,False,False
FC Cincinnati,True,False
FC Cincinnati,False,False
FC Cincinnati,True,True
Seattle Sounders,False,False
Seattle Sounders,False,False
Seattle Sounders,False,False
Seattle Sounders,False,False
Seattle Sounders,True,False
Seattle Sounders,False,False
Seattle Sounders,False,False
Seattle Sounders,True,False
Seattle Sounders,False,False
Seattle Sounders,True,True
Seattle Sounders,False,False
Seattle Sounders,True,False
Seattle Sounders,False,False
Seattle Sounders,False,False
Seattle Sounders,False,False
Seattle Sounders,True,False
Seattle Sounders,False,False
Seattle Sounders,False,False
Seattle Sounders,False,False
Seattle Sounders,False,False
Seattle Sounders,False,False
Seattle Sounders,True,True
Seattle Sounders,False,False
Seattle Sounders,False,False
Seattle Sounders,False,False
Seattle Sounders,True,False
Seattle Sounders,False,False
Seattle Sounders,True,False
Seattle Sounders,False,False
Seattle Sounders,True,False
Seattle Sounders,True,False
Seattle Sounders,True,False
Seattle Sounders,False,False
Seattle Sounders,False,False
Seattle Sounders,True,False
Atlanta United,True,False
Atlanta United,False,False
Atlanta United,False,False
Atlanta United,False,False
Atlanta United,True,False
Atlanta United,False,False
Atlanta United,False,False
Atlanta United,False,False
Atlanta United,False,False
Atlanta United,False,False
Atlanta United,False,False
Atlanta United,False,False
Atlanta United,False,False
Atlanta United,False,False
Atlanta United,False,False
Atlanta United,False,False
Atlanta United,True,False
Atlanta United,True,False
Atlanta United,False,False
Atlanta United,False,False
Atlanta United,False,False
Atlanta United,False,False
Atlanta United,True,False
Atlanta United,True,False
Atlanta United,False,False
Atlanta United,False,False
Atlanta United,False,False
Atlanta United,False,False
Atlanta United,False,False
Atlanta United,False,False
Atlanta United,True,False
Atlanta United,False,False
Atlanta United,False,False
Atlanta United,False,False
Atlanta United,False,False
Philadelphia Union,False,False
Philadelphia Union,False,False
Philadelphia Union,False,False
Philadelphia Union,False,False
Philadelphia Union,False,False
Philadelphia Union,True,False
Philadelphia Union,False,False
Philadelphia Union,False,False
Philadelphia Union,False,False
Philadelphia Union,False,False
Philadelphia Union,True,False
Philadelphia Union,False,False
Philadelphia Union,False,False
Philadelphia Union,True,False
Philadelphia Union,False,False
Philadelphia Union,False,False
Philadelphia Union,False,False
Philadelphia Union,True,False
Philadelphia Union,False,False
Philadelphia Union,False,False
Philadelphia Union,True,False
Philadelphia Union,True,False
Philadelphia Union,False,False
Philadelphia Union,False,False
Philadelphia Union,False,False
Philadelphia Union,True,False
Philadelphia Union,False,False
Philadelphia Union,False,False
Philadelphia Union,False,False
Philadelphia Union,False,False
Philadelphia Union,False,False
Philadelphia Union,False,False
Philadelphia Union,False,False
Philadelphia Union,False,False
Philadelphia Union,True,False
NY Red Bulls,True,False
NY Red Bulls,False,False
NY Red Bulls,False,False
NY Red Bulls,False,False
NY Red Bulls,False,False
NY Red Bulls,False,False
NY Red Bulls,True,False
NY Red Bulls,False,False
NY Red Bulls,False,False
NY Red Bulls,False,False
NY Red Bulls,False,False
NY Red Bulls,False,False
NY Red Bulls,True,False
NY Red Bulls,False,False
NY Red Bulls,False,False
NY Red Bulls,True,False
NY Red Bulls,True,False
NY Red Bulls,False,False
NY Red Bulls,False,False
NY Red Bulls,False,False
NY Red Bulls,False,False
NY Red Bulls,False,False
NY Red Bulls,True,False
NY Red Bulls,False,False
NY Red Bulls,False,False
NY Red Bulls,False,False
NY Red Bulls,True,False
NY Red Bulls,False,False
NY Red Bulls,False,False
NY Red Bulls,False,False
NY Red Bulls,False,False
NY Red Bulls,False,False
NY Red Bulls,False,False
NY Red Bulls,False,False
NY Red Bulls,True,False
NYCFC,False,False
NYCFC,False,False
NYCFC,False,False
NYCFC,False,False
NYCFC,False,False
NYCFC,False,False
NYCFC,True,False
NYCFC,True,False
NYCFC,False,False
NYCFC,False,False
NYCFC,False,False
NYCFC,False,False
NYCFC,True,False
NYCFC,False,False
NYCFC,False,False
NYCFC,False,False
NYCFC,False,False
NYCFC,False,False
NYCFC,False,False
NYCFC,False,False
NYCFC,False,False
NYCFC,False,False
NYCFC,True,False
NYCFC,False,False
NYCFC,True,False
NYCFC,True,False
NYCFC,False,False
NYCFC,True,False
NYCFC,True,False
NYCFC,False,False
NYCFC,False,False
NYCFC,True,False
NYCFC,False,False
NYCFC,False,False
NYCFC,False,False
Bodo/Glimt,True,False
Bodo/Glimt,False,False
Bodo/Glimt,False,False
Bodo/Glimt,False,False
Bodo/Glimt,False,False
Bodo/Glimt,False,False
Bodo/Glimt,False,False
Bodo/Glimt,False,False
Bodo/Glimt,False,False
Bodo/Glimt,True,False
Bodo/Glimt,False,False
Bodo/Glimt,True,False
Bodo/Glimt,False,False
Bodo/Glimt,False,False
Bodo/Glimt,False,False
Bodo/Glimt,True,False
Bodo/Glimt,False,False
Bodo/Glimt,False,False
Bodo/Glimt,False,False
Bodo/Glimt,False,False
Bodo/Glimt,False,False
Bodo/Glimt,False,False
Bodo/Glimt,False,False
Bodo/Glimt,False,False
Bodo/Glimt,False,False
Bodo/Glimt,True,False
Bodo/Glimt,False,False
Bodo/Glimt,True,True
Bodo/Glimt,True,False
Bodo/Glimt,False,False
Bodo/Glimt,False,False
Bodo/Glimt,False,False
Bodo/Glimt,False,False
Bodo/Glimt,False,False
Bodo/Glimt,False,False
Molde,True,False
Molde,False,False
Molde,False,False
Molde,False,False
Molde,False,False
Molde,False,False
Molde,False,False
Molde,True,False
Molde,False,False
Molde,False,False
Molde,False,False
Molde,False,False
Molde,True,False
Molde,False,False
Molde,True,False
Molde,False,False
Molde,False,False
Molde,False,False
Molde,True,False
Molde,False,False
Molde,True,True
Molde,True,False
Molde,True,False
Molde,False,False
Molde,False,False
Molde,False,False
Molde,False,False
Molde,True,False
Molde,False,False
Molde,True,False
Molde,True,False
Molde,True,False
Molde,False,False
Molde,False,False
Molde,False,False
Rosenborg,True,False
Rosenborg,True,False
Rosenborg,False,False
Rosenborg,True,False
Rosenborg,True,False
Rosenborg,False,False
Rosenborg,False,False
Rosenborg,True,False
Rosenborg,False,False
Rosenborg,True,False
Rosenborg,False,False
Rosenborg,False,False
Rosenborg,True,False
Rosenborg,False,False
Rosenborg,False,False
Rosenborg,False,False
Rosenborg,False,False
Rosenborg,False,False
Rosenborg,False,False
Rosenborg,True,False
Rosenborg,False,False
Rosenborg,False,False
Rosenborg,True,False
Rosenborg,False,False
Rosenborg,False,False
Rosenborg,False,False
Rosenborg,False,False
Rosenborg,True,False
Rosenborg,False,False
Rosenborg,True,False
Rosenborg,False,False
Rosenborg,False,False
Rosenborg,False,False
Rosenborg,True,False
Rosenborg,False,False
Viking,False,False
Viking,False,False
Viking,False,False
Viking,False,False
Viking,True,False
Viking,False,False
Viking,True,False
Viking,False,False
Viking,False,False
Viking,True,False
Viking,True,False
Viking,False,False
Viking,True,True
Viking,False,False
Viking,False,False
Viking,False,False
Viking,False,False
Viking,True,False
Viking,False,False
Viking,True,False
Viking,False,False
Viking,False,False
Viking,False,False
Viking,False,False
Viking,True,False
Viking,False,False
Viking,False,False
Viking,False,False
Viking,False,False
Viking,True,False
Viking,False,False
Viking,False,False
Viking,False,False
Viking,False,False
Viking,True,False
Lillestrom,False,False
Lillestrom,False,False
Lillestrom,False,False
Lillestrom,False,False
Lillestrom,False,False
Lillestrom,False,False
Lillestrom,False,False
Lillestrom,False,False
Lillestrom,False,False
Lillestrom,True,False
Lillestrom,False,False
Lillestrom,False,False
Lillestrom,False,False
Lillestrom,False,False
Lillestrom,True,False
Lillestrom,True,False
Lillestrom,True,True
Lillestrom,False,False
Lillestrom,False,False
Lillestrom,False,False
Lillestrom,False,False
Lillestrom,True,True
Lillestrom,False,False
Lillestrom,False,False
Lillestrom,False,False
Lillestrom,False,False
Lillestrom,True,True
Lillestrom,False,False
Lillestrom,False,False
Lillestrom,False,False
Lillestrom,True,False
Lillestrom,False,False
Lillestrom,False,False
Lillestrom,False,False
Lillestrom,True,False
Brann,False,False
Brann,False,False
Brann,False,False
Brann,False,False
Brann,False,False
Brann,False,False
Brann,True,False
Brann,True,False
Brann,False,False
Brann,False,False
Brann,False,False
Brann,False,False
Brann,False,False
Brann,False,False
Brann,False,False
Brann,False,False
Brann,False,False
Brann,True,False
Brann,False,False
Brann,True,False
Brann,False,False
Brann,False,False
Brann,False,False
Brann,False,False
Brann,False,False
Brann,False,False
Brann,False,False
Brann,False,False
Brann,False,False
Brann,False,False
Brann,True,False
Brann,False,False
Brann,True,False
Brann,False,False
Brann,False,False
Valerenga,False,False
Valerenga,False,False
Valerenga,False,False
Valerenga,False,False
Valerenga,False,False
Valerenga,False,False
Valerenga,True,True
Valerenga,False,False
Valerenga,False,False
Valerenga,True,False
Valerenga,False,False
Valerenga,False,False
Valerenga,False,False
Valerenga,False,False
Valerenga,True,False
Valerenga,False,False
Valerenga,False,False
Valerenga,False,False
Valerenga,True,False
Valerenga,False,False
Valerenga,False,False
Valerenga,False,False
Valerenga,False,False
Valerenga,True,False
Valerenga,True,False
Valerenga,False,False
Valerenga,True,False
Valerenga,False,False
Valerenga,True,False
Valerenga,False,False
Valerenga,False,False
Valerenga,False,False
Valerenga,True,False
Valerenga,True,False
Valerenga,False,False
Sarpsborg,True,False
Sarpsborg,False,False
Sarpsborg,True,False
Sarpsborg,False,False
Sarpsborg,False,False
Sarpsborg,False,False
Sarpsborg,False,False
Sarpsborg,False,False
Sarpsborg,False,False
Sarpsborg,False,False
Sarpsborg,False,False
Sarpsborg,False,False
Sarpsborg,False,False
Sarpsborg,False,False
Sarpsborg,False,False
Sarpsborg,False,False
Sarpsborg,False,False
Sarpsborg,False,False
Sarpsborg,True,True
Sarpsborg,False,False
Sarpsborg,True,False
Sarpsborg,False,False
Sarpsborg,False,False
Sarpsborg,False,False
Sarpsborg,False,False
Sarpsborg,False,False
Sarpsborg,False,False
Sarpsborg,False,False
Sarpsborg,False,False
Sarpsborg,False,False
Sarpsborg,False,False
Sarpsborg,False,False
Sarpsborg,False,False
Sarpsborg,False,False
Sarpsborg,False,False
Malmo FF,True,False
Malmo FF,False,False
Malmo FF,True,False
Malmo FF,False,False
Malmo FF,True,False
Malmo FF,True,False
Malmo FF,True,False
Malmo FF,True,False
Malmo FF,False,False
Malmo FF,True,True
Malmo FF,False,False
Malmo FF,False,False
Malmo FF,False,False
Malmo FF,False,False
Malmo FF,True,False
Malmo FF,True,True
Malmo FF,False,False
Malmo FF,False,False
Malmo FF,False,False
Malmo FF,False,False
Malmo FF,True,False
Malmo FF,False,False
Malmo FF,False,False
Malmo FF,False,False
Malmo FF,False,False
Malmo FF,False,False
Malmo FF,False,False
Malmo FF,False,False
Malmo FF,True,False
Malmo FF,True,False
Malmo FF,False,False
Malmo FF,False,False
Malmo FF,False,False
Malmo FF,False,False
Malmo FF,False,False
Elfsborg,False,False
Elfsborg,False,False
Elfsborg,False,False
Elfsborg,True,False
Elfsborg,False,False
Elfsborg,False,False
Elfsborg,True,True
Elfsborg,False,False
Elfsborg,False,False
Elfsborg,False,False
Elfsborg,False,False
Elfsborg,True,False
Elfsborg,False,False
Elfsborg,False,False
Elfsborg,False,False
Elfsborg,True,False
Elfsborg,True,False
Elfsborg,False,False
Elfsborg,False,False
Elfsborg,False,False
Elfsborg,True,True
Elfsborg,False,False
Elfsborg,False,False
Elfsborg,False,False
Elfsborg,True,False
Elfsborg,False,False
Elfsborg,False,False
Elfsborg,False,False
Elfsborg,True,False
Elfsborg,True,True
Elfsborg,True,False
Elfsborg,False,False
Elfsborg,False,False
Elfsborg,True,False
Elfsborg,False,False
BK Hacken,False,False
BK Hacken,False,False
BK Hacken,False,False
BK Hacken,False,False
BK Hacken,False,False
BK Hacken,False,False
BK Hacken,False,False
BK Hacken,False,False
BK Hacken,False,False
BK Hacken,False,False
BK Hacken,True,False
BK Hacken,False,False
BK Hacken,False,False
BK Hacken,False,False
BK Hacken,False,False
BK Hacken,False,False
BK Hacken,True,False
BK Hacken,False,False
BK Hacken,True,False
BK Hacken,False,False
BK Hacken,False,False
BK Hacken,False,False
BK Hacken,False,False
BK Hacken,False,False
BK Hacken,False,False
BK Hacken,False,False
BK Hacken,False,False
BK Hacken,False,False
BK Hacken,False,False
BK Hacken,True,False
BK Hacken,False,False
BK Hacken,False,False
BK Hacken,False,False
BK Hacken,True,False
BK Hacken,False,False
Djurgarden,False,False
Djurgarden,False,False
Djurgarden,False,False
Djurgarden,False,False
Djurgarden,False,False
Djurgarden,False,False
Djurgarden,False,False
Djurgarden,False,False
Djurgarden,False,False
Djurgarden,False,False
Djurgarden,False,False
Djurgarden,False,False
Djurgarden,True,False
Djurgarden,True,False
Djurgarden,False,False
Djurgarden,False,False
Djurgarden,True,False
Djurgarden,False,False
Djurgarden,False,False
Djurgarden,True,False
Djurgarden,True,False
Djurgarden,False,False
Djurgarden,False,False
Djurgarden,False,False
Djurgarden,False,False
Djurgarden,True,False
Djurgarden,True,False
Djurgarden,False,False
Djurgarden,False,False
Djurgarden,False,False
Djurgarden,True,False
Djurgarden,False,False
Djurgarden,False,False
Djurgarden,False,False
Djurgarden,False,False
AIK,False,False
AIK,False,False
AIK,False,False
AIK,False,False
AIK,False,False
AIK,False,False
AIK,False,False
AIK,True,False
AIK,True,False
AIK,False,False
AIK,False,False
AIK,False,False
AIK,False,False
AIK,False,False
AIK,False,False
AIK,True,False
AIK,False,False
AIK,False,False
AIK,False,False
AIK,False,False
AIK,True,False
AIK,False,False
AIK,False,False
AIK,False,False
AIK,False,False
AIK,True,False
AIK,True,False
AIK,True,True
AIK,False,False
AIK,False,False
AIK,False,False
AIK,True,False
AIK,False,False
AIK,False,False
AIK,False,False
Hammarby,False,False
Hammarby,True,True
Hammarby,False,False
Hammarby,False,False
Hammarby,False,False
Hammarby,False,False
Hammarby,False,False
Hammarby,False,False
Hammarby,False,False
Hammarby,False,False
Hammarby,False,False
Hammarby,False,False
Hammarby,True,False
Hammarby,False,False
Hammarby,False,False
Hammarby,True,False
Hammarby,True,False
Hammarby,False,False
Hammarby,True,False
Hammarby,False,False
Hammarby,False,False
Hammarby,False,False
Hammarby,False,False
Hammarby,False,False
Hammarby,False,False
Hammarby,False,False
Hammarby,True,True
Hammarby,True,False
Hammarby,False,False
Hammarby,False,False
Hammarby,False,False
Hammarby,True,False
Hammarby,False,False
Hammarby,False,False
Hammarby,False,False
IFK Goteborg,False,False
IFK Goteborg,True,False
IFK Goteborg,True,False
IFK Goteborg,False,False
IFK Goteborg,False,False
IFK Goteborg,True,True
IFK Goteborg,False,False
IFK Goteborg,True,False
IFK Goteborg,False,False
IFK Goteborg,False,False
IFK Goteborg,True,False
IFK Goteborg,False,False
IFK Goteborg,False,False
IFK Goteborg,False,False
IFK Goteborg,False,False
IFK Goteborg,False,False
IFK Goteborg,False,False
IFK Goteborg,False,False
IFK Goteborg,False,False
IFK Goteborg,False,False
IFK Goteborg,False,False
IFK Goteborg,True,False
IFK Goteborg,False,False
IFK Goteborg,False,False
IFK Goteborg,False,False
IFK Goteborg,False,False
IFK Goteborg,False,False
IFK Goteborg,False,False
IFK Goteborg,False,False
IFK Goteborg,False,False
IFK Goteborg,False,False
IFK Goteborg,False,False
IFK Goteborg,True,False
IFK Goteborg,True,False
IFK Goteborg,False,False
FC Copenhagen,False,False
FC Copenhagen,False,False
FC Copenhagen,False,False
FC Copenhagen,False,False
FC Copenhagen,False,False
FC Copenhagen,False,False
FC Copenhagen,False,False
FC Copenhagen,True,False
FC Copenhagen,False,False
FC Copenhagen,False,False
FC Copenhagen,False,False
FC Copenhagen,True,False
FC Copenhagen,True,False
FC Copenhagen,False,False
FC Copenhagen,True,False
FC Copenhagen,False,False
FC Copenhagen,False,False
FC Copenhagen,False,False
FC Copenhagen,False,False
FC Copenhagen,False,False
FC Copenhagen,False,False
FC Copenhagen,False,False
FC Copenhagen,True,False
FC Copenhagen,False,False
FC Copenhagen,True,False
FC Copenhagen,False,False
FC Copenhagen,True,False
FC Copenhagen,False,False
FC Copenhagen,True,False
FC Copenhagen,True,False
FC Copenhagen,True,False
FC Copenhagen,True,False
FC Copenhagen,True,False
FC Copenhagen,False,False
FC Copenhagen,False,False
Midtjylland,False,False
Midtjylland,False,False
Midtjylland,True,False
Midtjylland,False,False
Midtjylland,False,False
Midtjylland,False,False
Midtjylland,False,False
Midtjylland,False,False
Midtjylland,True,False
Midtjylland,False,False
Midtjylland,False,False
Midtjylland,False,False
Midtjylland,True,False
Midtjylland,False,False
Midtjylland,False,False
Midtjylland,True,False
Midtjylland,True,False
Midtjylland,False,False
Midtjylland,False,False
Midtjylland,False,False
Midtjylland,False,False
Midtjylland,True,False
Midtjylland,False,False
Midtjylland,False,False
Midtjylland,False,False
Midtjylland,False,False
Midtjylland,False,False
Midtjylland,False,False
Midtjylland,False,False
Midtjylland,False,False
Midtjylland,False,False
Midtjylland,True,False
Midtjylland,True,False
Midtjylland,False,False
Midtjylland,False,False
Nordsjaelland,False,False
Nordsjaelland,True,False
Nordsjaelland,False,False
Nordsjaelland,False,False
Nordsjaelland,False,False
Nordsjaelland,True,False
Nordsjaelland,True,False
Nordsjaelland,False,False
Nordsjaelland,False,False
Nordsjaelland,False,False
Nordsjaelland,False,False
Nordsjaelland,False,False
Nordsjaelland,False,False
Nordsjaelland,False,False
Nordsjaelland,True,False
Nordsjaelland,False,False
Nordsjaelland,False,False
Nordsjaelland,False,False
Nordsjaelland,True,False
Nordsjaelland,True,False
Nordsjaelland,False,False
Nordsjaelland,False,False
Nordsjaelland,True,False
Nordsjaelland,False,False
Nordsjaelland,False,False
Nordsjaelland,False,False
Nordsjaelland,False,False
Nordsjaelland,False,False
Nordsjaelland,True,False
Nordsjaelland,False,False
Nordsjaelland,True,False
Nordsjaelland,False,False
Nordsjaelland,False,False
Nordsjaelland,False,False
Nordsjaelland,True,False
Brondby,False,False
Brondby,True,False
Brondby,True,True
Brondby,False,False
Brondby,False,False
Brondby,True,False
Brondby,False,False
Brondby,False,False
Brondby,True,False
Brondby,False,False
Brondby,True,False
Brondby,False,False
Brondby,False,False
Brondby,False,False
Brondby,False,False
Brondby,False,False
Brondby,False,False
Brondby,True,False
Brondby,False,False
Brondby,False,False
Brondby,True,False
Brondby,True,False
Brondby,True,False
Brondby,False,False
Brondby,False,False
Brondby,True,True
Brondby,False,False
Brondby,False,False
Brondby,False,False
Brondby,False,False
Brondby,True,False
Brondby,False,False
Brondby,False,False
Brondby,False,False
Brondby,True,False
Aarhus,False,False
Aarhus,False,False
Aarhus,True,False
Aarhus,False,False
Aarhus,False,False
Aarhus,False,False
Aarhus,True,False
Aarhus,False,False
Aarhus,False,False
Aarhus,False,False
Aarhus,False,False
Aarhus,True,False
Aarhus,True,False
Aarhus,False,False
Aarhus,False,False
Aarhus,False,False
Aarhus,False,False
Aarhus,False,False
Aarhus,False,False
Aarhus,True,True
Aarhus,False,False
Aarhus,False,False
Aarhus,True,False
Aarhus,False,False
Aarhus,False,False
Aarhus,False,False
Aarhus,False,False
Aarhus,False,False
Aarhus,False,False
Aarhus,False,False
Aarhus,False,False
Aarhus,False,False
Aarhus,False,False
Aarhus,False,False
Aarhus,False,False
Aalborg,False,False
Aalborg,False,False
Aalborg,False,False
Aalborg,False,False
Aalborg,False,False
Aalborg,False,False
Aalborg,True,True
Aalborg,False,False
Aalborg,False,False
Aalborg,False,False
Aalborg,False,False
Aalborg,True,False
Aalborg,False,False
Aalborg,False,False
Aalborg,False,False
Aalborg,False,False
Aalborg,False,False
Aalborg,False,False
Aalborg,False,False
Aalborg,False,False
Aalborg,False,False
Aalborg,True,False
Aalborg,True,True
Aalborg,False,False
Aalborg,False,False
Aalborg,False,False
Aalborg,True,False
Aalborg,False,False
Aalborg,False,False
Aalborg,False,False
Aalborg,True,False
Aalborg,False,False
Aalborg,False,False
Aalborg,False,False
Aalborg,False,False
HJK Helsinki,False,False
HJK Helsinki,True,False
HJK Helsinki,False,False
HJK Helsinki,True,False
HJK Helsinki,True,False
HJK Helsinki,False,False
HJK Helsinki,True,False
HJK Helsinki,False,False
HJK Helsinki,False,False
HJK Helsinki,False,False
HJK Helsinki,False,False
HJK Helsinki,False,False
HJK Helsinki,False,False
HJK Helsinki,False,False
HJK Helsinki,True,False
HJK Helsinki,False,False
HJK Helsinki,False,False
HJK Helsinki,True,False
HJK Helsinki,False,False
HJK Helsinki,False,False
HJK Helsinki,False,False
HJK Helsinki,True,False
HJK Helsinki,False,False
HJK Helsinki,False,False
HJK Helsinki,False,False
HJK Helsinki,True,False
HJK Helsinki,False,False
HJK Helsinki,False,False
HJK Helsinki,True,False
HJK Helsinki,False,False
HJK Helsinki,False,False
HJK Helsinki,False,False
HJK Helsinki,False,False
HJK Helsinki,False,False
HJK Helsinki,True,False
KuPS,False,False
KuPS,False,False
KuPS,True,False
KuPS,False,False
KuPS,False,False
KuPS,False,False
KuPS,True,False
KuPS,True,False
KuPS,False,False
KuPS,False,False
KuPS,False,False
KuPS,True,False
KuPS,False,False
KuPS,False,False
KuPS,False,False
KuPS,True,False
KuPS,True,True
KuPS,False,False
KuPS,True,False
KuPS,True,False
KuPS,False,False
KuPS,False,False
KuPS,False,False
KuPS,False,False
KuPS,False,False
KuPS,True,False
KuPS,True,False
KuPS,True,False
KuPS,False,False
KuPS,False,False
KuPS,False,False
KuPS,False,False
KuPS,False,False
KuPS,False,False
KuPS,True,False
SJK,True,False
SJK,False,False
SJK,False,False
SJK,False,False
SJK,False,False
SJK,False,False
SJK,False,False
SJK,False,False
SJK,True,False
SJK,False,False
SJK,True,False
SJK,True,False
SJK,False,False
SJK,False,False
SJK,True,False
SJK,True,False
SJK,True,False
SJK,False,False
SJK,True,False
SJK,False,False
SJK,False,False
SJK,False,False
SJK,True,False
SJK,True,False
SJK,False,False
SJK,True,True
SJK,False,False
SJK,True,True
SJK,False,False
SJK,True,False
SJK,False,False
SJK,False,False
SJK,False,False
SJK,True,False
SJK,False,False
Inter Turku,True,True
Inter Turku,False,False
Inter Turku,False,False
Inter Turku,False,False
Inter Turku,False,False
Inter Turku,False,False
Inter Turku,False,False
Inter Turku,True,False
Inter Turku,False,False
Inter Turku,True,False
Inter Turku,True,False
Inter Turku,True,False
Inter Turku,True,False
Inter Turku,False,False
Inter Turku,False,False
Inter Turku,False,False
Inter Turku,False,False
Inter Turku,False,False
Inter Turku,True,False
Inter Turku,True,False
Inter Turku,False,False
Inter Turku,False,False
Inter Turku,True,False
Inter Turku,False,False
Inter Turku,True,False
Inter Turku,False,False
Inter Turku,True,False
Inter Turku,True,True
Inter Turku,False,False
Inter Turku,False,False
Inter Turku,False,False
Inter Turku,False,False
Inter Turku,False,False
Inter Turku,False,False
Inter Turku,False,False
Ilves,True,False
Ilves,False,False
Ilves,False,False
Ilves,True,False
Ilves,True,False
Ilves,False,False
Ilves,False,False
Ilves,True,False
Ilves,False,False
Ilves,True,False
Ilves,False,False
Ilves,False,False
Ilves,False,False
Ilves,True,True
Ilves,False,False
Ilves,False,False
Ilves,True,True
Ilves,False,False
Ilves,True,False
Ilves,True,False
Ilves,True,False
Ilves,True,False
Ilves,False,False
Ilves,False,False
Ilves,False,False
Ilves,False,False
Ilves,False,False
Ilves,False,False
Ilves,False,False
Ilves,False,False
Ilves,False,False
Ilves,False,False
Ilves,False,False
Ilves,True,False
Ilves,False,False
VPS,False,False
VPS,False,False
VPS,False,False
VPS,False,False
VPS,False,False
VPS,False,False
VPS,False,False
VPS,False,False
VPS,False,False
VPS,False,False
VPS,False,False
VPS,False,False
VPS,False,False
VPS,False,False
VPS,False,False
VPS,False,False
VPS,False,False
VPS,True,False
VPS,False,False
VPS,True,False
VPS,False,False
VPS,False,False
VPS,True,False
VPS,False,False
VPS,False,False
VPS,False,False
VPS,False,False
VPS,True,True
VPS,False,False
VPS,False,False
VPS,False,False
VPS,False,False
VPS,False,False
VPS,True,True
VPS,False,False
Shamrock Rovers,False,False
Shamrock Rovers,True,True
Shamrock Rovers,False,False
Shamrock Rovers,False,False
Shamrock Rovers,False,False
Shamrock Rovers,True,False
Shamrock Rovers,True,False
Shamrock Rovers,False,False
Shamrock Rovers,True,False
Shamrock Rovers,False,False
Shamrock Rovers,False,False
Shamrock Rovers,True,True
Shamrock Rovers,False,False
Shamrock Rovers,False,False
Shamrock Rovers,True,False
Shamrock Rovers,True,False
Shamrock Rovers,False,False
Shamrock Rovers,True,False
Shamrock Rovers,True,True
Shamrock Rovers,False,False
Shamrock Rovers,False,False
Shamrock Rovers,True,False
Shamrock Rovers,False,False
Shamrock Rovers,False,False
Shamrock Rovers,False,False
Shamrock Rovers,False,False
Shamrock Rovers,False,False
Shamrock Rovers,False,False
Shamrock Rovers,True,False
Shamrock Rovers,False,False
Shamrock Rovers,False,False
Shamrock Rovers,False,False
Shamrock Rovers,False,False
Shamrock Rovers,True,False
Shamrock Rovers,False,False
Derry City,False,False
Derry City,False,False
Derry City,False,False
Derry City,False,False
Derry City,False,False
Derry City,False,False
Derry City,False,False
Derry City,False,False
Derry City,False,False
Derry City,True,False
Derry City,False,False
Derry City,True,False
Derry City,False,False
Derry City,True,False
Derry City,True,True
Derry City,False,False
Derry City,False,False
Derry City,True,False
Derry City,False,False
Derry City,True,False
Derry City,False,False
Derry City,False,False
Derry City,False,False
Derry City,True,False
Derry City,False,False
Derry City,True,False
Derry City,False,False
Derry City,False,False
Derry City,False,False
Derry City,False,False
Derry City,True,False
Derry City,False,False
Derry City,False,False
Derry City,False,False
Derry City,False,False
St Patricks,False,False
St Patricks,True,True
St Patricks,False,False
St Patricks,False,False
St Patricks,False,False
St Patricks,False,False
St Patricks,False,False
St Patricks,True,False
St Patricks,False,False
St Patricks,False,False
St Patricks,False,False
St Patricks,True,False
St Patricks,False,False
St Patricks,False,False
St Patricks,True,False
St Patricks,False,False
St Patricks,False,False
St Patricks,False,False
St Patricks,False,False
St Patricks,False,False
St Patricks,True,False
St Patricks,False,False
St Patricks,False,False
St Patricks,False,False
St Patricks,False,False
St Patricks,False,False
St Patricks,False,False
St Patricks,False,False
St Patricks,False,False
St Patricks,False,False
St Patricks,False,False
St Patricks,False,False
St Patricks,True,False
St Patricks,False,False
St Patricks,False,False
Bohemians,False,False
Bohemians,False,False
Bohemians,False,False
Bohemians,False,False
Bohemians,False,False
Bohemians,False,False
Bohemians,False,False
Bohemians,False,False
Bohemians,False,False
Bohemians,True,False
Bohemians,True,False
Bohemians,False,False
Bohemians,False,False
Bohemians,False,False
Bohemians,False,False
Bohemians,False,False
Bohemians,False,False
Bohemians,False,False
Bohemians,False,False
Bohemians,True,False
Bohemians,False,False
Bohemians,False,False
Bohemians,False,False
Bohemians,False,False
Bohemians,False,False
Bohemians,True,True
Bohemians,True,True
Bohemians,True,True
Bohemians,False,False
Bohemians,False,False
Bohemians,True,False
Bohemians,False,False
Bohemians,False,False
Bohemians,False,False
Bohemians,False,False
Dundalk,False,False
Dundalk,False,False
Dundalk,True,False
Dundalk,True,False
Dundalk,False,False
Dundalk,False,False
Dundalk,False,False
Dundalk,True,False
Dundalk,False,False
Dundalk,False,False
Dundalk,False,False
Dundalk,True,False
Dundalk,True,False
Dundalk,False,False
Dundalk,False,False
Dundalk,False,False
Dundalk,False,False
Dundalk,False,False
Dundalk,True,False
Dundalk,False,False
Dundalk,False,False
Dundalk,False,False
Dundalk,False,False
Dundalk,False,False
Dundalk,False,False
Dundalk,False,False
Dundalk,False,False
Dundalk,True,False
Dundalk,False,False
Dundalk,False,False
Dundalk,False,False
Dundalk,False,False
Dundalk,False,False
Dundalk,False,False
Dundalk,True,True
Shelbourne,False,False
Shelbourne,False,False
Shelbourne,False,False
Shelbourne,False,False
Shelbourne,False,False
Shelbourne,False,False
Shelbourne,True,False
Shelbourne,True,False
Shelbourne,False,False
Shelbourne,False,False
Shelbourne,False,False
Shelbourne,True,False
Shelbourne,False,False
Shelbourne,True,False
Shelbourne,False,False
Shelbourne,False,False
Shelbourne,False,False
Shelbourne,False,False
Shelbourne,False,False
Shelbourne,True,False
Shelbourne,False,False
Shelbourne,True,False
Shelbourne,False,False
Shelbourne,True,False
Shelbourne,False,False
Shelbourne,False,False
Shelbourne,False,False
Shelbourne,True,False
Shelbourne,False,False
Shelbourne,False,False
Shelbourne,False,False
Shelbourne,False,False
Shelbourne,False,False
Shelbourne,False,False
Shelbourne,False,False
